z (m),U (m/s),T (K),H2,H,O,O2,OH,H2O,HO2,H2O2,CH,CH2,CH2*,CH3,CH4,CO,CO2,HCO,CH2O,CH3O,C2H2,H2CC,C2H3,C2H4,C2H5,C2H6,HCCO,CH2CO,CH2CHO,CH3CHO,aC3H5,C3H6,nC3H7,N2
0.0,0.6846675989769716,300.0,3.5193077148776025e-17,5.1827941782644476e-17,2.5630744756265226e-20,0.21811477182013575,-4.828878263589809e-15,-1.5516932012138234e-15,5.040204826511705e-18,6.694262764418798e-16,-2.091373068386269e-15,1.6078093838066937e-20,2.3468567859674853e-15,-3.080916598345579e-15,3.695793150240509e-16,-2.3178301912017753e-17,-4.687388279086362e-18,2.2580538041510016e-20,1.831203947963063e-15,2.38325135635821e-20,1.1533024769576747e-17,-2.929724812273911e-15,2.2174662815467232e-20,0.06380628580465539,2.163250476814922e-20,1.4137369878307095e-15,5.131733225150964e-20,-9.627320956181997e-16,2.8410293708726065e-20,-1.7181099761008933e-18,1.0506336634337242e-15,-1.507502745016729e-15,2.5370190851958725e-20,0.7180789423752181
0.020000000000000004,0.6846675989729017,299.9999999981827,3.5362935892805654e-17,3.317388303052652e-22,-1.0196460992845731e-19,0.21811477182015016,-1.1650963760184861e-17,-5.909921275011996e-15,3.704006941683909e-15,-2.3847623631204893e-15,-2.426432436029046e-22,-3.404104044528759e-21,6.597237636110518e-23,1.2363516446476186e-13,8.877806036586654e-16,-1.558101833803771e-14,-4.0938184767757285e-15,-1.8812296621274223e-20,-3.1664937126601676e-15,2.9801012456685403e-21,-2.5900067573083106e-17,-8.760722578953575e-22,-6.5101409729676954e-21,0.06380628580465347,1.0217486241729403e-19,-1.371673755598167e-13,5.151087222512777e-24,-4.2164014448836716e-15,-1.0096940252992205e-19,-1.4435329665236961e-18,2.2713232317695754e-15,2.02711642566157e-14,1.0657317325038424e-18,0.7180789423752181
0.04000000000000001,0.6846675989732981,299.99999999835956,4.921522272717293e-17,-5.261404160509638e-25,3.0537227047474524e-21,0.21811477182013117,8.323750100823861e-19,-5.575576574285155e-15,2.438819727580959e-14,-4.88339741995461e-15,-7.575289635194734e-26,4.0362696118776445e-24,-1.8939925981230097e-26,1.0808731187679057e-13,9.23610905614403e-16,-1.498767479013584e-14,-4.09524087063768e-15,6.574642214962739e-22,-2.1695455842893853e-15,-1.2391124866766442e-21,-2.3531983361951085e-17,-2.9745025196118e-25,5.256491110722233e-22,0.06380628580463998,-2.5892135451895295e-22,-1.286690518311571e-13,-1.487442473709527e-23,-3.9582917731278015e-15,8.130474541295638e-21,-1.8739127884411272e-18,2.270245497195375e-15,3.934743940080544e-14,9.31721444167448e-19,0.7180789423752181
0.05,0.6846675989738881,299.99999999862075,9.920286173203396e-16,2.1374511205658973e-24,2.745401255069655e-21,0.21811477182012318,7.128349905887487e-19,-5.431242548436374e-15,3.2882650864802055e-14,-5.9810918782247655e-15,2.0439515183733016e-25,1.6367812571852644e-23,5.112664179619662e-26,8.605861045434203e-14,9.388324187479956e-16,-1.4718930918033044e-14,-4.091184611734747e-15,5.842418116110185e-22,-1.7574440378365108e-15,7.36225441742243e-21,-2.153174880243367e-17,8.019250476890702e-25,4.48660562305252e-22,0.06380628580463459,9.85785778308722e-22,-1.094368776237065e-13,4.014798590359391e-23,-3.8455734097430815e-15,7.013119410524384e-21,-6.466102439371549e-19,2.271235516882653e-15,4.6948058030655855e-14,7.419504564483599e-19,0.7180789423752174
0.055,0.6846675989745049,299.9999999987677,3.284086432375538e-14,-3.1445256052405708e-24,1.9259397338622866e-21,0.21811477182011152,5.677332116707718e-19,-5.374492960291275e-15,3.6560736249936445e-14,-6.4952488052719174e-15,-3.412723732157666e-25,-1.1148216316928109e-23,-8.536386820265345e-26,7.365732781498761e-14,9.444105905111986e-16,-1.4626643411604568e-14,-4.093985467815419e-15,4.2138280779837365e-22,-1.5891759868491644e-15,-1.0236435941248712e-20,-2.1673755720910724e-17,-1.338945826877635e-24,3.5646505575033446e-22,0.06380628580463214,-1.4941199645620287e-21,-9.823567719988724e-14,-6.703120555771873e-23,-3.8031173024865754e-15,5.439369312183979e-21,-1.3844971267264405e-18,2.270229494302669e-15,5.019876955088547e-14,6.348330331479521e-19,0.7180789423751941
0.06,0.684667598987985,299.99999999891423,1.4783788892382235e-12,-5.334254469203973e-24,1.3704579149126009e-21,0.2181147718197297,4.489871453316062e-19,-5.279235710328527e-15,3.970008629849086e-14,-6.9733889980060654e-15,-5.66008499930781e-25,-2.302438428051489e-23,-1.415782147784158e-25,6.13356558158607e-14,9.496116605658564e-16,-1.4549657724063085e-14,-4.098538307759183e-15,3.07511215991697e-22,-1.4531929262678428e-15,-1.7848109313179188e-20,-2.2278437628839844e-17,-2.2206780076176753e-24,2.8144763145147047e-22,0.06380628580462369,-2.5217706491647023e-21,-8.691552302646064e-14,-1.1117846053500324e-22,-3.770759369842789e-15,4.216506888840779e-21,-2.631127250222281e-18,2.2686499203058914e-15,5.290553963599552e-14,5.285269993766212e-19,0.718078942374134
0.0625,0.6846675992137715,299.99999999902246,2.626234884635467e-11,7.842094756282814e-24,2.31711392587448e-21,0.2181147718132278,5.136314532539096e-19,-2.269936313889248e-15,4.120670321406323e-14,-7.195410884146682e-15,8.02680472078454e-25,4.323958949937999e-23,2.0077866642954311e-25,5.534689301662156e-14,1.0135146382790295e-15,-1.374089758001011e-14,-4.086668069269856e-15,4.781429052367593e-22,-1.3793352970807659e-15,2.513557622270272e-20,-1.949287329832933e-17,3.1492269881817825e-24,3.2445977900736237e-22,0.06380628580451086,3.6736671289436666e-21,-8.136981566561887e-14,1.5764638142167346e-22,-3.7487220392685046e-15,5.24403294687029e-21,-1.5262047430905253e-18,2.269729398155559e-15,5.412931998446377e-14,4.774454666487831e-19,0.7180789423559588
0.065,0.6846676044519998,300.0000000020959,6.01089134657057e-10,3.069230654610915e-23,4.105133004024863e-21,0.21811477166233156,6.653582340361506e-19,2.3133407899079907e-13,4.368760391821774e-14,-6.880558739736525e-15,3.1752583708794333e-24,1.5846982685644957e-22,7.942428352016175e-25,4.9686791524173804e-14,5.812609531215673e-15,5.042521258980938e-14,-3.149974843573315e-15,8.0537174102163165e-22,-1.0390065400415068e-15,1.0105425450176191e-19,1.747078520780896e-16,1.2457792105642862e-23,4.238648450654664e-22,0.06380628580191765,1.44267413938666e-20,-7.597252120991455e-14,6.236664465719545e-22,-3.701969975335101e-15,7.41091611616883e-21,5.939859929580166e-18,2.2739505971820513e-15,5.5234083608820385e-14,4.2959586471449636e-19,0.7180789419343139
0.06625,0.6846676508182612,300.000000094733,5.672524521228519e-09,-5.298918934601451e-23,-2.9903796713069066e-21,0.218114770327221,-3.650942313802958e-20,7.119722365277705e-12,7.706409480130717e-14,1.0150174357305895e-14,-5.510399180708433e-24,-2.647172841108069e-22,-1.3783492985177894e-24,4.858046553051642e-14,1.4811357706456325e-13,2.1094397720887154e-12,3.5823007852055076e-14,-5.110657796435282e-22,9.969697110880779e-15,-1.6098057144572357e-19,7.786488295299457e-15,-2.1619395685828328e-23,-3.407432802207151e-23,0.06380628577913972,-2.4811778507893455e-20,-7.034825992876597e-14,-1.0820767863599055e-21,-3.024696118296631e-15,-1.976507455262111e-21,1.8031177671424597e-16,2.2708589801242923e-15,5.580224234663264e-14,4.1660290266749435e-19,0.7180789382115632
0.0675,0.6846682179856408,300.0000039316224,6.702022970300236e-08,1.336579684791739e-22,1.5266945443169217e-20,0.21811475401792035,2.2061849828648286e-18,2.802852169395363e-10,1.4936721286563415e-12,7.546715323042294e-13,1.3846975908331763e-23,6.844802216795625e-22,3.463580573478193e-24,1.1327065289229649e-13,5.827266197750622e-12,9.103610868843962e-11,2.243807284790706e-12,2.947098139074509e-21,6.399650037750503e-13,5.87612615720407e-19,4.148901078695897e-13,5.432681652178617e-23,1.4014223104123096e-21,0.06380628550576892,6.288650062504486e-20,1.1492845042022866e-13,2.719144366354864e-21,4.236708545763569e-14,2.5381756396536885e-20,1.207352540446566e-14,2.3190672931207264e-15,5.91891707355058e-14,9.817262860964254e-19,0.7180788930730415
0.068125,0.6846709593732828,300.0000640246988,3.529785543906828e-07,-2.9010010836439177e-22,1.4809625479439431e-19,0.2181146755045524,4.834284986166308e-17,4.3766585528086624e-09,2.4564765866209393e-11,1.2976602353602672e-11,-3.132526323962128e-23,-1.0939419493078534e-21,-7.834686238077314e-24,1.128341465287202e-12,9.153046669368987e-11,1.542361101087389e-09,4.941428496803061e-11,3.2327404911452527e-20,1.4245660487746408e-11,5.5481926292413386e-17,8.627917885250528e-12,-1.228923796414088e-22,2.760868915891852e-20,0.06380628423208758,-1.3159067508719497e-19,4.269039154526659e-12,-6.149205974900654e-21,1.1755331827113914e-12,4.21246834203843e-19,3.1186225142562583e-13,3.443298502977191e-15,1.2145716163852994e-13,9.707690711316864e-18,0.7180786811574165
0.06875,0.6846909496779873,300.00133890910575,2.2255585239325552e-06,2.1149412886385533e-21,2.3490209324719414e-17,0.21811410880468282,6.988442271618963e-15,8.764754945856495e-08,5.336276719712242e-10,2.845275128390345e-10,3.6522465626739226e-23,6.015522015435e-20,9.470645917386803e-24,2.188197239239397e-11,1.8445470287292752e-09,3.3607962550127524e-08,1.4087964646482326e-09,5.009735270929042e-18,4.106011029808284e-10,1.3406907227194392e-14,2.3229167508742472e-10,1.4429729778043496e-22,3.949681007317274e-18,0.06380627502976949,8.45102868305506e-19,1.3145896127554316e-10,7.167737223343035e-21,3.930563407904655e-11,6.146953918773579e-17,1.0495443257043463e-11,4.751107581354701e-14,2.316747737878545e-12,1.8852055042870134e-16,0.7180772644315936
0.0690625,0.6847587473212415,300.0116394617262,7.058194716237457e-06,1.3338870007184153e-19,1.382988228946063e-15,0.2181122235462409,4.1273590525476266e-13,7.328257590633454e-07,4.807676205653626e-09,2.5808379162009338e-09,-8.594468119473838e-23,3.4421681721022168e-18,1.4054038670346328e-22,1.8330682915324512e-10,1.5510035925028988e-08,3.032862641336571e-07,1.6269335330304295e-08,2.950204585459439e-16,4.7882291930463135e-09,1.1582484533127456e-12,2.544342785904628e-09,1.6529056639236108e-22,2.3272291582850977e-16,0.06380623562526382,4.4965774113101615e-17,1.6080472657727879e-09,-1.5536276196889177e-20,5.246277056965894e-10,3.619718392971239e-15,1.414869986966065e-10,6.949541335590716e-13,3.301353754921734e-11,1.5788425226482906e-15,0.7180733975285429
0.06937499999999999,0.6851890635539082,300.12596968731657,2.5298158145132888e-05,1.1499472710063488e-17,6.070383002800907e-14,0.21810050120373856,1.8113590623730517e-11,7.611979546358344e-06,5.400639935168866e-08,2.9227924109087273e-08,-8.148084583553696e-23,1.5357037861704475e-16,7.382024040524901e-20,1.906504896835117e-09,1.620857872306622e-07,3.416880494545539e-06,2.3779549983947077e-07,1.2985045605221675e-14,7.063083088126523e-08,7.668676049785681e-11,3.5176977627362775e-08,2.283135652192534e-19,1.0235880797533466e-14,0.06380579779353905,3.842217992600123e-15,2.495202577637821e-08,9.429941693819063e-19,8.904584047005075e-09,1.5914866566825007e-13,2.431393578109539e-09,1.3603351311860487e-11,6.379238386737854e-10,1.6502015070463816e-14,0.7180567461200175
0.06953124999999999,0.6865760875079576,300.61534334743413,5.338371427205842e-05,3.5604488613383823e-16,9.34988276875117e-13,0.21806305708541177,2.7712490160243846e-10,3.5953061967877816e-05,2.714280129291562e-07,1.4808614550942964e-07,-3.992061195679232e-21,2.511623741339265e-15,5.34081973446604e-18,9.03234988060603e-09,7.695430073955526e-07,1.727688211584271e-05,1.5028542373514214e-06,2.0197887954625681e-13,4.4826498665554034e-07,1.8516964077656363e-09,2.118359199783303e-07,1.6529088185723328e-17,1.5819729432149683e-13,0.06380329275739728,1.2823990026598482e-13,1.6611674170613208e-07,1.0583766832302774e-16,6.38715015731542e-08,2.4589629926928492e-12,1.7715933540625786e-08,1.1226219831164775e-10,5.2130099317371e-09,7.978448901244933e-14,0.7180234202919316
0.06968749999999999,0.6939791575932268,303.55236468649673,0.00012019421590175797,1.3033662108409452e-14,1.1832093408626585e-11,0.21786238945299108,3.3696837699189875e-09,0.0002002348631370577,1.6126557586728498e-06,8.874089429537926e-07,3.306716917658462e-20,4.189732992265486e-14,3.65260329612746e-16,5.11158166621579e-08,4.313609662032043e-06,0.00010380413232599601,1.1510476459201713e-05,2.7332305719789078e-12,3.4322215350568184e-06,3.754418509490172e-08,1.5398024716567284e-06,1.131720807362781e-15,2.043854620221948e-12,0.06378247504846211,5.128411322077554e-12,1.345525409079142e-06,1.1371881402426416e-14,5.596837390136421e-07,3.1866796894584485e-11,1.581277240143166e-07,1.1554211347012485e-09,5.289783025697516e-08,5.118030286100906e-13,0.7179053966384169
0.06976562499999998,0.7105156900944211,310.42730155502846,0.00018754356399035805,1.5220369830213012e-13,6.18918472104638e-11,0.21740881359879957,1.6002055355575892e-08,0.0005724931323857833,4.885658056555836e-06,2.618478021381938e-06,-1.4977409504614936e-19,3.3402955421394065e-13,5.481066689177766e-15,1.6310575128883284e-07,1.2413407075670025e-05,0.0003147539130571954,4.205125923926802e-05,1.6606172860204624e-11,1.2397459576650926e-05,2.8964069151678826e-07,5.400092295765615e-06,1.6996803741723467e-14,1.1142528153571341e-11,0.06371653915858333,8.788049295710176e-11,5.133173775373487e-06,2.2901352818625924e-13,2.267938639637413e-06,1.751903762292351e-10,6.52408904309109e-07,5.6581453103382275e-09,2.427661722907719e-07,2.1699667894024246e-12,0.7177113192290798
0.06980468749999999,0.7331444689073878,319.9893951219357,0.00023763480063825998,7.777107332417545e-13,1.8341029782297399e-10,0.21677935693999817,4.141754781088012e-08,0.0010759738239040412,9.70207435050704e-06,4.9645676985885585e-06,1.862920365607293e-19,1.421940099759712e-12,3.0824120532345513e-14,3.5814670510256995e-07,2.3487571487870214e-05,0.0006191624930329203,9.5198129405399e-05,5.842088683123523e-11,2.770416590282925e-05,9.795227537205846e-07,1.1847284424789288e-05,9.569932067620656e-14,3.4694770795688004e-11,0.06359967638484597,9.452023978028486e-10,1.2014290407300579e-05,1.5721435290515482e-12,5.573857821789475e-06,5.548332538270784e-10,1.6243072234011145e-06,1.6748181487178143e-08,6.594899067810695e-07,7.052478711284488e-12,0.7174940221962476
0.06984374999999998,0.780732540005382,340.2233229813606,0.0003025722779021793,5.117228312989079e-12,6.58027692398717e-10,0.21543508135779718,1.1477298270890312e-07,0.0021139303680262223,2.0566663176302108e-05,9.770412751553952e-06,1.2600963166749442e-19,7.550270262600607e-12,2.0729063575474537e-13,8.852467132254661e-07,4.666881221184511e-05,0.001286846807376285,0.00023165194231760143,2.699784944047917e-10,6.62802202627972e-05,3.2435398422196283e-06,2.783156354353731e-05,6.444664467729431e-13,1.380779766269262e-10,0.06329786779334722,1.2035423910896203e-08,3.03449568459238e-05,1.3262617541234427e-11,1.4882681241419224e-05,2.306428195941214e-09,4.394462766503048e-06,5.5996076376053755e-08,1.971723339455459e-06,3.809204702343791e-11,0.7171050229287155
0.06988281249999999,0.8757141675703917,380.6803455379321,0.0003838650771767327,4.495754503772466e-11,3.1190782904106492e-09,0.21269847664591013,3.6118332582283147e-07,0.004126541933530308,4.458427681291173e-05,1.869546530662027e-05,9.319808529147759e-21,5.1101815413654236e-11,1.7766789654068947e-12,2.481392682085483e-06,9.277808913033054e-05,0.002680212446673702,0.0005623847561570861,1.709100553927548e-09,0.00015709226199814056,9.897644822448484e-06,6.530605840619812e-05,5.522944959976325e-12,8.065902627831278e-10,0.06256865597282553,1.5637899251365158e-07,7.628866558159748e-05,1.3483986254798457e-10,3.944597337363418e-05,1.4490734014929426e-08,1.1804421608340974e-05,1.978097504612169e-07,5.853614451873729e-06,3.7202119414506993e-10,0.7164548991955954
0.06990234374999998,0.9547998697926456,414.3473446816045,0.0004308302722158723,2.0107842394228307e-10,8.95968806782083e-09,0.21037436212334676,7.74383896353531e-07,0.005749165847904821,6.71051207813198e-05,2.531133340768615e-05,1.0546596858224028e-17,1.8165529626384148e-10,7.2090042466959746e-12,4.7813986596705375e-06,0.00013110009624487865,0.0038880567114634853,0.0008864158677723006,5.63990338573603e-09,0.0002427583300190583,1.705584218046785e-05,0.0001010340163438634,2.2379415258948034e-11,2.676125036535179e-09,0.061860347208186964,7.848341118108043e-07,0.00012231749167039742,5.659983541426547e-10,6.509840217521341e-05,5.35601884587826e-08,1.9677828318186968e-05,4.1490366747792643e-07,1.0360775732333462e-05,1.8252951916623048e-09,0.7160021735722647
0.069921875,1.064153601019417,460.8204971051051,0.0004813706611532974,9.730381457413266e-10,2.6716709335793573e-08,0.2070972200156603,1.7039008609031502e-06,0.007931432163949424,0.00010113896281855459,3.367326180435006e-05,1.812483478070261e-16,6.738745644213558e-10,3.0845725500964454e-11,9.475225809072605e-06,0.00018421989198982118,0.005618266771151267,0.0013941735082396824,1.9783219564498417e-08,0.0003724150300500414,2.830201684132562e-05,0.00015590722308083554,9.515218436640451e-11,9.890159472678293e-09,0.060761536306889415,3.1757788415247813e-06,0.0001953715404246721,2.414297961937845e-09,0.0001070207975139565,2.1934463275797042e-07,3.277659724316973e-05,8.809585082015429e-07,1.8420376631851666e-05,9.129330452182134e-09,0.7154712299593787
0.06993164062499999,1.1328854410802043,489.97663915274956,0.0005077920816665709,2.6506269518316792e-09,4.890516075204059e-08,0.20500151605215444,2.630345564257314e-06,0.009270785460505243,0.00012412680702468602,3.8496914674314905e-05,1.0060645185840615e-15,1.3967770683490596e-09,6.845472818451128e-11,1.371807182751485e-05,0.00021771956429250143,0.0067387236133433755,0.0017464815177073315,3.923541817305291e-08,0.0004589019993301857,3.564093054668866e-05,0.00019340741193975885,2.1019066821631964e-10,2.0377315860572212e-08,0.06000637278492176,6.559349715362989e-06,0.00024610333573900936,5.332132002507877e-09,0.00013672647184653552,5.006838608567007e-07,4.229159354206752e-05,1.2992026936498779e-06,2.4620540765325322e-05,2.2225064997640497e-08,0.7151854448648961
0.06994140624999999,1.212139600255979,523.541853516936,0.000534808460617506,6.986593210131872e-09,8.849300763354753e-08,0.20254998335178526,4.042252741127783e-06,0.010789668435256687,0.00015190567403102105,4.3737361978086724e-05,5.6091265618799616e-15,2.8873449739307905e-09,1.5174081103933047e-10,1.9896002722162414e-05,0.00025651969149546595,0.008061235019687306,0.0021826343359149097,7.772975366542825e-08,0.0005624185040469111,4.405867570792455e-05,0.00023935172603065916,4.6243864926308815e-10,4.236388728329338e-08,0.05907873487891689,1.2741509351940009e-05,0.0003086873215805126,1.1561549711304462e-08,0.00017377919496711774,1.128138531279364e-06,5.44476058316292e-05,1.907767091577265e-06,3.288073114783876e-05,5.151101721329821e-08,0.7148951512136521
0.069951171875,1.3023614558615886,561.6782560029827,0.0005622979933966923,1.8317686966739122e-08,1.5832013268990892e-07,0.1997153234908323,6.162745158891198e-06,0.012491181423464682,0.00018492363015904686,4.933743594288022e-05,3.100742203060546e-14,5.943207702728367e-09,3.340510283318004e-10,2.880675573068106e-05,0.0003009460789258265,0.009604146903278817,0.0027150763165322677,1.530916932816601e-07,0.00068346952145608,5.31447584274271e-05,0.0002949038664041641,1.0077534691273372e-09,8.815219922362203e-08,0.05795598654481788,2.3367479461239224e-05,0.0003842457511629014,2.465425239141274e-08,0.00021876324150643426,2.4912839241703408e-06,6.972195537341206e-05,2.7637206178794168e-06,4.367931147921859e-05,1.1354915835898034e-07,0.7146086964215489
0.06996093749999999,1.4037778654614221,604.4506513632741,0.0005901489806520162,4.6899059236423324e-08,2.789167159524783e-07,0.1964748266882602,9.285233909706845e-06,0.01437533361481236,0.0002234859938958047,5.521919249141476e-05,1.6856083433018078e-13,1.2119729810134127e-08,7.256491071795406e-10,4.151631215455536e-05,0.0003512382841272417,0.011383794239061754,0.0033563374453960864,2.9787852861618404e-07,0.0008213027494709049,6.21783877696119e-05,0.0003612283978730038,2.161512273547175e-09,1.8187567541966006e-07,0.05661717252641917,4.027303439001579e-05,0.0004733050157446302,5.133895536089036e-08,0.00027166392043283304,5.29216055292381e-06,8.859737668447142e-05,3.921708681735581e-06,5.752795375621422e-05,2.3525017828011814e-07,0.7143352436166909
0.06997070312499999,1.516375314121518,651.8177953702597,0.0006182650546589579,1.1495225163522992e-07,4.82857204056971e-07,0.19281124359680724,1.3786770383234652e-05,0.016439321461512755,0.00026769798291779816,6.128062604329855e-05,8.741420312221511e-13,2.436713367501492e-08,1.5462062671395548e-09,5.941577135363673e-05,0.0004075170083318542,0.013414016573680987,0.0041188166726210795,5.701338111955936e-07,0.0009734535987918313,7.010538205817598e-05,0.0004394774053396295,4.540536108161144e-09,3.6902232371870943e-07,0.05504479403898688,6.475416481129421e-05,0.0005754122678478082,1.038387885354919e-07,0.000331547273276808,1.0642856474708894e-05,0.0001115291419103733,5.420836404515047e-06,7.494413488444776e-05,4.529536577043394e-07,0.7140844331691559
0.06998046875,1.6398818223645042,703.6254118425555,0.0006465683643826812,2.655720874576793e-07,8.221478734704312e-07,0.18871347271003527,2.0155370237993746e-05,0.018677834306409506,0.0003174199889492554,6.738947594544929e-05,4.198255658156287e-12,4.803915753722798e-08,3.215086518535202e-09,8.424615389278528e-05,0.0004697210974131149,0.015705712319109354,0.00501461489898375,1.0707710115575147e-06,0.0011353825299471516,7.562780435199129e-05,0.000530784445941718,9.307492955987983e-09,7.309896964172308e-07,0.05322701022154738,9.64698135170308e-05,0.000688604481564455,2.034157045002591e-07,0.00039629435087016875,2.004317149115289e-05,0.0001388928420608849,7.2716658612808794e-06,9.640570988194105e-05,8.015097232368207e-07,0.7138661233042243
0.06998535156249999,1.7056421562422863,731.1456267751468,0.0006607762320879252,4.0034636876103747e-07,1.0759116545025926e-06,0.18649674276648814,2.4299702715700322e-05,0.019861343568788502,0.00034423690999628226,7.039802486627226e-05,9.235941350295321e-12,6.746976081668275e-08,4.612608065027553e-09,0.00010005914426215391,0.0005029560855909266,0.016954371607317654,0.005517905350278549,1.4676874207231788e-06,0.0012175471474380566,7.700278134286732e-05,0.0005818524797593856,1.3299886022468484e-08,1.0243427298164034e-06,0.05222267374048578,0.00011403805652343483,0.0007478733373902075,2.844951608915971e-07,0.00042925442660472996,2.691443318813154e-05,0.00015435338949253822,8.32329990926421e-06,0.00010882035544255418,1.0273526398477613e-06,0.7137728916303736
0.06999023437499999,1.773992711251651,759.7019223889835,0.000675010019660593,5.884335638064978e-07,1.4040561875149196e-06,0.1841658348405302,2.919763592645095e-05,0.021086795084459542,0.0003722604055036731,7.334643655047958e-05,1.9626417568858745e-11,9.412307286812691e-08,6.565878149634496e-09,0.00011845206213026451,0.0005375440312225008,0.018273783136044944,0.00606094585418758,2.0031199469563502e-06,0.0012994138716055472,7.729651992221863e-05,0.0006367968381607933,1.8886368909936178e-08,1.4253402931856034e-06,0.05115309636607877,0.00013206901181731298,0.0008081451559180275,3.945475090046176e-07,0.0004620413150041928,3.549997539049087e-05,0.000171055602774955,9.459330109286581e-06,0.00012244921354031264,1.2827381875929372e-06,0.7136922894646958
0.06999511718749998,1.8448122792480737,789.237409938356,0.0006892641700422941,8.462604480615141e-07,1.829360488074078e-06,0.1817213554038032,3.497376681803861e-05,0.022352782791825645,0.00040133089427544437,7.620305821082314e-05,4.063524765410301e-11,1.3052227160155344e-07,9.270611574899328e-09,0.000139665899447175,0.0005733513802889084,0.019664224911356314,0.006645260634458104,2.724100088744893e-06,0.0013797700747257113,7.644174526877938e-05,0.0006957683483944644,2.6681914835845534e-08,1.970435177800389e-06,0.05001925799379236,0.00014976228974713322,0.0008683818119412924,5.433498874383665e-07,0.0004940288061341919,4.5964318368762786e-05,0.00018898763589460498,1.0675723903889678e-05,0.00013730696369849738,1.5537773785650325e-06,0.7136256075765666
0.06999999999999999,1.9179617013890404,819.6876772253339,0.0007035337033862876,1.1928387784163755e-06,2.3811523738111553e-06,0.17916443443632912,4.177576428332254e-05,0.023657740510780727,0.00043123968749944006,7.893145355484431e-05,8.21068508366945e-11,1.7992888566695615e-07,1.2980495220964119e-08,0.00016390064549217534,0.000610197071517073,0.021125605103186118,0.007272327539857152,3.6908978503682083e-06,0.0014573096399904625,7.444320963475608e-05,0.000758916770625695,3.7534876214375335e-08,2.7063204210207994e-06,0.048822734267579986,0.00016629579812188464,0.0009273416132332829,7.434015760713357e-07,0.0005245581940557845,5.840359061162349e-05,0.00020811338325158236,1.196971164282626e-05,0.00015338385245695248,1.8180912382083449e-06,0.7135740808239234
0.0700048828125,1.9932848116884494,850.9812917694351,0.00071781380714932,1.6496990984234396e-06,3.0967659401557345e-06,0.17649676173578377,4.977687854391536e-05,0.024999928470840767,0.00046171323336564375,8.148969377849169e-05,1.6203924975530375e-10,2.465729443933813e-07,1.8021802218019138e-08,0.00019129342511560866,0.0006478452729622813,0.022657404187608074,0.007943571384685938,4.9792551705109105e-06,0.0015306689508355839,7.138652926060718e-05,0.0008263905114103552,5.263195049272606e-08,3.6925290296273905e-06,0.04756566297765231,0.00018089553736565255,0.0009836023586635475,1.010543261259684e-06,0.0005529691861115833,7.281847897312266e-05,0.0002283693413706356,1.334104536769661e-05,0.00017064059758543356,2.045401451485254e-06,0.7135388648125529
0.070009765625,2.070609782012428,883.0404919471879,0.0007320993195828608,2.2407099529325275e-06,4.022895308553393e-06,0.17372063522705453,5.9177333037953856e-05,0.026377414466191972,0.0004923968540332366,8.382967821015407e-05,3.125699957785334e-10,3.3590572515633893e-07,2.4810253161954916e-08,0.0002218978935859303,0.0006859997152874125,0.02425860675403684,0.008660354714476026,6.68113650931018e-06,0.0015984735655954199,6.743451766433714e-05,0.0008983358808106398,7.364305796304311e-08,5.003734335310519e-06,0.04625069709317117,0.00019290008323632137,0.0010356064380925318,1.3645689284906948e-06,0.000578634685804621,8.908930338023616e-05,0.00024966217043590784,1.4792926709363125e-05,0.0001890032334486492,2.2012766748037045e-06,0.7135210091522038
0.0700146484375,2.1497508721922705,915.7820661862343,0.0007463840985388122,2.9917881777154863e-06,5.21664888905435e-06,0.17083902099143425,7.020411600529617e-05,0.02778805035251634,0.0005228397661350508,8.589663567169801e-05,5.897211067344949e-10,4.548759146384516e-07,3.386983278040544e-08,0.0002556670806427325,0.000724300600815376,0.02592762480309953,0.009423965113170384,8.903178895980538e-06,0.0016593946421905156,6.280969276742055e-05,0.0009748956261605524,1.0291921756744151e-07,6.7314744453856535e-06,0.044880950174513635,0.00020181057494016397,0.001081727308623981,1.8298061718485238e-06,0.0006009972928942623,0.00010695560914569399,0.0002718673066682108,1.6332367550479e-05,0.00020835780585733832,2.254730981951927e-06,0.7135214281569279
0.07001953124999999,2.230510599781818,949.1184234811687,0.0007606602713130411,3.9304939740490215e-06,6.7461109196691865e-06,0.16785562071588797,8.310886089718165e-05,0.02922944524857881,0.000552484883934722,8.762902197249058e-05,1.088810297657164e-09,6.122062588667416e-07,4.58522416035286e-08,0.0002924414573295279,0.0007623249248715104,0.02766221651587849,0.01023559825859636,1.1761879990428193e-05,0.0017122111568050801,5.7765645443995526e-05,0.001056206365520703,1.4374947680738662e-07,8.984665945290907e-06,0.04345993857298211,0.00020732270623303903,0.0011203534279817244,2.4356351294971853e-06,0.0006196050977673253,0.00012600285073756943,0.0002948289777945944,1.7969836437218055e-05,0.00022854467274303512,2.1884813176465447e-06,0.7135408703673884
0.07002441406249998,2.3126823354189536,982.9588525759352,0.0007749173690072194,5.085503743980117e-06,8.690244049536115e-06,0.16477493861342157,9.816377351164754e-05,0.03069893749825004,0.000580668073904534,8.895908224412954e-05,1.967969853100153e-09,8.186303012427735e-07,6.155489786232261e-08,0.0003319435498083363,0.0007995907604826076,0.02945940632922813,0.011096336142657554,1.5374846164108693e-05,0.0017558710127888871,5.25536688919601e-05,0.0011423943831164259,2.0067179055947796e-07,1.188808502742567e-05,0.04199152581783315,0.0002093406136155822,0.0011499829615447973,3.2169164433431022e-06,0.000634144397014048,0.00014565840978157633,0.0003183619244292262,1.971816628996148e-05,0.00024935219302279696,2.00785839625213e-06,0.713579888980537
0.070029296875,2.3960709321745988,1017.2184414528651,0.0007891413258773129,6.485963072062506e-06,1.1138030946303777e-05,0.16160234530022327,0.00011565587350190997,0.03219356391374663,0.0006066316456592879,8.981436758340153e-05,3.4826861076868497e-09,1.0870352956529364e-06,8.193498716911496e-08,0.00037377970258789577,0.0008355655989724133,0.03131540885327875,0.012007117871496172,1.984817161253277e-05,0.0017895428329263948,4.739271109442383e-05,0.0012335687884388823,2.798127445488567e-07,1.5577942698145216e-05,0.04047988062091299,0.00020797338800542035,0.0011693206765433027,4.2142963731658574e-06,0.0006444673385816633,0.0001651980683842922,0.0003422549641986366,2.1590817776645448e-05,0.0002705099003970526,1.7426658555227768e-06,0.7136388160996993
0.0700341796875,2.4804696616911044,1051.8084213436848,0.0008033134272560204,8.160302245549735e-06,1.41871228368168e-05,0.1583441128835637,0.00013588036400005512,0.03371003587135984,0.0006295555803759243,9.012046438943545e-05,6.0344003825293365e-09,1.4324607898743735e-06,1.081169241285302e-07,0.0004174483708929609,0.0008696788358819482,0.033225571531082555,0.012968706602673977,2.52610967944771e-05,0.0018126518765408225,4.244996009696001e-05,0.0013298112984401367,3.8919901542986117e-07,2.0192512304161698e-05,0.03892944913147047,0.00020351524404878737,0.0011773685263895299,5.474337150265584e-06,0.0006504617359715845,0.0001839202036974952,0.00036627657078651307,2.3599666882351186e-05,0.00029168219685080484,1.4386249699171801e-06,0.713717739849983
0.0700390625,2.565625833356816,1086.621733408492,0.0008174093829142207,1.0135978863246615e-05,1.7941647312902444e-05,0.15500739371734842,0.00015913455832894808,0.035244738148057106,0.0006486033446863391,8.98050887568785e-05,1.0237482478296836e-08,1.871920638893501e-06,1.4139206746694804e-07,0.0004623527176384032,0.0009013381932585702,0.035184357553478075,0.013981661540077439,3.164901868466246e-05,0.0018248971885289676,3.783426348871693e-05,0.0014311620811823505,5.389830947427362e-07,2.585944291572884e-05,0.03734493259339981,0.0001964107571877814,0.0011735003367182495,7.0495842048004285e-06,0.0006522282898007641,0.00020100682066155964,0.00039018237617934726,2.5752444800273118e-05,0.000312464629040042,1.1415116394022618e-06,0.7138164942569447
0.0700439453125,2.651278571112752,1121.5492466301566,0.0008313984230185117,1.2438479111845333e-05,2.2510558716825826e-05,0.15160015350390565,0.00018571267427702323,0.0367937373926502,0.0006629843643220413,8.880352507514719e-05,1.7013646800104472e-08,2.4240356293417557e-06,1.832083936864208e-07,0.0005078145302110183,0.000929948295879779,0.037185360264136526,0.015046309315443894,3.89881108799978e-05,0.0018262515429938108,3.3600434795521754e-05,0.0015375992306506715,7.415078900530407e-07,3.267787061804505e-05,0.03573128582857671,0.00018720643480148131,0.0011575111078402347,8.998460444432354e-06,0.0006499861254855401,0.00021566410407193015,0.00041372390580466143,2.80502433825376e-05,0.0003323846216245964,8.827647731543017e-07,0.7139346521174357
0.07004882812499999,2.7371614422480843,1156.4809909681694,0.0008452424608531892,1.5090618924876923e-05,2.8006632510012444e-05,0.14813107753090185,0.00021590251736549473,0.03835279471406551,0.0006720248788817057,8.706509236057388e-05,2.7756355785038875e-08,3.10854616960841e-06,2.351688838589734e-07,0.0005530867044494439,0.000954930507131151,0.039221346199736815,0.016162711777065568,4.718112156857832e-05,0.0018169477916023078,2.9761535575633683e-05,0.001649009593021133,1.0113533216282407e-06,4.069691788899551e-05,0.034093737324442035,0.00017649579767125686,0.0011296374764808263,1.1384979174743093e-05,0.000644041828531095,0.00022719101103480844,0.00043665760692245084,3.0485152564993025e-05,0.00035090901703253846,6.743750603243876e-07,0.7140715260122834
0.07005859375,2.908841855488611,1226.0416459343407,0.0008723662745048362,2.149317364197042e-05,4.2104496800436925e-05,0.14103576408962187,0.00028785824217872715,0.04148785808399343,0.0006728035129187635,8.130930318078942e-05,6.79073243437776e-08,4.930871403318482e-06,3.759440297764888e-07,0.0006406880083358468,0.0009925103966200327,0.04337413060306992,0.018548904623105038,6.553799967844998e-05,0.0017680822294727483,2.3216492354537907e-05,0.0018859140999820496,1.8038732252680834e-06,6.0227701347790666e-05,0.03076359140383008,0.0001523415761482087,0.0010405629571227815,1.7664635802638476e-05,0.0006222206594867907,0.00023933380697600646,0.0004800429487058466,3.570573772311543e-05,0.0003821019022136304,3.961304140000753e-07,0.7143980903115817
0.070068359375,3.078330328921179,1294.3713628979713,0.00089827222668038,2.9471487193619238e-05,6.114773820326432e-05,0.1338131384326885,0.0003771694535268238,0.04460676075338623,0.0006498934962883675,7.268162321862055e-05,1.5266293879584916e-07,7.45581481605224e-06,5.770296729077455e-07,0.0007181667588490712,0.0010103937082350932,0.047562756590670226,0.021127962844460637,8.491888968806872e-05,0.0016857428948226618,1.791830042350601e-05,0.0021368430293784205,3.0180412377103114e-06,8.325512108757016e-05,0.027408583715669687,0.0001281719972685964,0.0009178078486504831,2.6459591571068412e-05,0.0005903324841861107,0.00023574121301675932,0.0005187527081351329,4.1091724607931156e-05,0.00040132211697253877,2.373551000245296e-07,0.7147838023454256
0.07007812499999999,3.2436649415944334,1360.7164899457334,0.0009223804955600649,3.906459633006241e-05,8.60695542804924e-05,0.12654204737695499,0.00048582569698384423,0.04766966017168471,0.0006062664028085508,6.181020149699488e-05,3.146099288827819e-07,1.07213454090914e-05,8.498729442759208e-07,0.0007793282560214545,0.0010064755307043493,0.05171299155688245,0.023889138964461844,0.00010336122286351329,0.0015781836319739434,1.3638478780286525e-05,0.0023929320961616016,4.683288769129472e-06,0.00010726943172959562,0.024079824576432197,0.00010599675136635323,0.0007746528214597814,3.828303508409059e-05,0.0005507404004595742,0.00021835339741393871,0.0005517607425783183,4.61734732456541e-05,0.0004049676249885308,1.4491637430513926e-07,0.7152160894756301
0.070087890625,3.403078260781614,1424.4246618272498,0.0009440316869827988,5.023675644200277e-05,0.00011799359127893546,0.1192996302026941,0.0006157223951956511,0.05063668140704222,0.0005477698870855572,4.977741287602636e-05,5.964330659531242e-07,1.4663760541816111e-05,1.2009812618780675e-06,0.0008189987969723289,0.0009803245998941973,0.055750257980236605,0.026817500966781746,0.00011924419636096529,0.0014548825422455445,1.0211252975530815e-05,0.0026391512821413096,6.707499941012664e-06,0.00012887786788475254,0.02083235985989238,8.647178701156649e-05,0.0006254110835196574,5.352073470666674e-05,0.0005053550578341236,0.00019149504902370022,0.0005784453711567132,5.035489430268538e-05,0.0003914086591457678,8.94212360775458e-08,0.7156806265812726
0.07009765625,3.5550621833332365,1484.9647520087694,0.0009625514636727885,6.287381652973836e-05,0.00015835320016981228,0.11215901599207079,0.0007684958471083379,0.053470015498682875,0.00048132052971929786,3.786521272421365e-05,1.0452399794250888e-06,1.9112097044335817e-05,1.6287127414573916e-06,0.0008339429295966886,0.0009332608218032845,0.05960378011225467,0.0298951616563946,0.00013164280614977398,0.001325227061829251,7.5147140837344205e-06,0.002854252723400899,8.866733633452964e-06,0.0001448253681889911,0.01772272332019552,6.951023283848209e-05,0.00048287267745954183,7.228147615488129e-05,0.00045598223284406744,0.00016016985410995373,0.0005985031723843053,5.303023538986443e-05,0.00036165190508175374,5.533772418893859e-08,0.7161624670147269
0.07010742187499999,3.6983931578403184,1541.9288776088802,0.0009773268763757777,7.678609063493652e-05,0.00020895803825196174,0.10518836462625814,0.0009452032186671381,0.05613587069605158,0.0004132517249542341,2.721693347926799e-05,1.702243535900974e-06,2.3804198981543585e-05,2.120639316865584e-06,0.000823411879387973,0.0008681917162630488,0.06320906213967725,0.03310264830516006,0.00014029701975951962,0.001197185054392705,5.441988706283314e-06,0.0030132101699027096,1.085449050178086e-05,0.00015297513770710038,0.01480544713178356,5.483197676652134e-05,0.00035651556358876963,9.421518001103851e-05,0.0004045859298357124,0.0001286697737148341,0.000611872272275665,5.372278579244417e-05,0.0003191723126798889,3.4117940531488705e-08,0.7166470497643216
0.0701171875,3.8321187742820535,1595.0182225329283,0.0009878771193553126,9.1720341423827e-05,0.00027198346642586657,0.09845056121520591,0.0011459612806108128,0.05860612062434315,0.00034832724983236324,1.8565742730266114e-05,2.5889144529564127e-06,2.8412628010869885e-05,2.6521007247732865e-06,0.0007891469359958456,0.000789241254230568,0.0665087520443135,0.036419986701821325,0.00014535819832436518,0.0010763064766009993,3.887633014301715e-06,0.0030920141891635435,1.2368814957524437e-05,0.00015277247762727017,0.012129026011950402,4.223299104566377e-05,0.0002517367975569365,0.00011834386359915122,0.0003532314731908315,9.990420999893053e-05,0.0006186926786879884,5.219879468165325e-05,0.0002690097552605148,2.0839121727612655e-08,0.7171209971729992
0.070126953125,3.9555220873920907,1644.0206994163038,0.0009939045201749759,0.00010738019777715357,0.00034988355062019066,0.09200278054459067,0.0013696764624003884,0.06085952804451494,0.00028947557700698237,1.2138196969081189e-05,3.6922068701616233e-06,3.2572087179776e-05,3.1864446333809786e-06,0.0007348941821806571,0.0007012406631907765,0.06945266821001549,0.039827290186718975,0.0001471133238442688,0.0009653395537710923,2.7480225111346996e-06,0.0030733836411833432,1.319483641235821e-05,0.00014509097510113342,0.009731922113504737,3.161854173589614e-05,0.00017004726482703283,0.00014297934173627944,0.0003037990276360771,7.537021249399203e-05,0.0006192937641263959,4.852624631177542e-05,0.00021657569962871346,1.2550082647136581e-08,0.7175726738107749
0.07013671875,4.068085751589165,1688.7904735804586,0.000995319725710487,0.00012345110311640282,0.0004452226960361265,0.08589546111604213,0.00161395615901937,0.06288244871945597,0.00023802513094528074,7.740189601153214e-06,4.952998790195422e-06,3.59095698762539e-05,3.6774172648221544e-06,0.0006656496048040363,0.0006091728478589689,0.07199794341161943,0.043304903590814875,0.00014581019144865073,0.0008645103662244884,1.9275993325490253e-06,0.0029513958408047764,1.3250284617026267e-05,0.0001317107228774671,0.007639297735973204,2.2931148098481894e-05,0.0001099470634730808,0.00016580648875853655,0.0002576989195386893,5.5476552291000336e-05,0.000614186151794948,4.3070271400604965e-05,0.0001666130944058991,7.4223474385389785e-09,0.717992525862197
0.070146484375,4.1694730715218205,1729.236827102633,0.0009922433270524594,0.0001396249824295972,0.0005604010660144674,0.08017070317330648,0.001875222145745229,0.06466896664733748,0.00019416313009365012,4.944239829972794e-06,6.263121588528899e-06,3.808375853419326e-05,4.074153046808107e-06,0.0005868815970114714,0.0005176630723987381,0.07410995258750358,0.04683330276490335,0.00014161157111561794,0.0007722859055525444,1.3446322723717678e-06,0.0027334788300067206,1.2586550310877094e-05,0.00011475002401334334,0.005861122982596182,1.6074771482850316e-05,6.809897705238893e-05,0.00018417818846050839,0.0002157527000681102,3.995591210791693e-05,0.0006040402257454567,3.6428458820372894e-05,0.00012254233557812646,4.296175374700957e-09,0.7183732538693681
0.07015625,4.25953257306285,1765.3250932791166,0.0009849906406765073,0.00015562099040081445,0.0006972499905938098,0.07486046652658661,0.0021489822890050857,0.06622047940753309,0.00015740661139365832,3.274731419404662e-06,7.475927606432715e-06,3.8836297053363555e-05,4.328840964317975e-06,0.0005038990864826927,0.00043058839511137133,0.07576418927120611,0.05039295952536553,0.00013464757715391475,0.0006863401662807668,9.338098138656386e-07,0.0024392227482025,1.1356729123440388e-05,9.623793552201151e-05,0.00439204728960063,1.0879281346871555e-05,4.044982599465962e-05,0.0001956003517093627,0.00017826187937853481,2.8211188271716307e-05,0.0005896449486857725,2.931659327775111e-05,8.623175105318004e-05,2.42664858532034e-09,0.7187098669636751
0.070166015625,4.338321864440607,1797.087654543818,0.0009740462897758534,0.0001712005192325446,0.0008565175752270103,0.06998507292440571,0.002430179541583752,0.06754482194969276,0.0001269721488592538,2.3265367571770044e-06,8.43187834555943e-06,3.804710990141704e-05,4.406141652988588e-06,0.00042142090667048504,0.00035084478932854594,0.07694875766656695,0.05396430750291071,0.00012511420353168888,0.0006044651609152401,6.45702620933638e-07,0.0020964993533413323,9.768101746857345e-06,7.786465872735032e-05,0.003213035770019667,7.106978338861007e-06,2.307377800339624e-05,0.0001983013036975004,0.00014518677680073238,1.954676344791923e-05,0.0005718510343456117,2.2428934769989888e-05,5.812256050317297e-05,1.3343391406666202e-09,0.718999634101063
0.07017578125,4.406138248183211,1824.639379227306,0.0009600323779285762,0.00018617601326060933,0.0010373426880636316,0.06555244266101373,0.0027135398112823066,0.0686550682574668,0.00010201163592489592,1.8078782454524798e-06,8.994348618818728e-06,3.577575150334262e-05,4.2920335195627855e-06,0.0003433191920063678,0.00028027528567399213,0.07766677973062293,0.057527858397779554,0.00011336572729267903,0.0005252439870629987,4.4431708571947583e-07,0.0017360971937858706,8.034394077134014e-06,6.0872967719352205e-05,0.002294409979449301,4.483800516610495e-06,1.2661609909714446e-05,0.0001917119190014065,0.000116334733212667,1.3296629250503784e-05,0.0005515085071626447,1.631143278100902e-05,3.7585606170652485e-05,7.129439005128959e-10,0.7192419204183262
0.070185546875,4.463539366919503,1848.1899785651046,0.0009436709962201223,0.00020041378962228347,0.0012368870716838259,0.06155830456800462,0.0029938751185168222,0.06956817033975252,8.17306985903839e-05,1.5324418727301727e-06,9.084500039235817e-06,3.226817012684073e-05,3.99884936164882e-06,0.0002724826768985858,0.00021973430377294218,0.07793785701805898,0.061064458857034556,9.99593682822334e-05,0.0004483816633511048,3.0402819547295876e-07,0.0013863595484770517,6.338395028437289e-06,4.6043475868831596e-05,0.001599705574605709,2.735823731655068e-06,6.697395479288601e-06,0.0001766726544125223,9.148726002258089e-05,8.881664675504303e-06,0.000529409970515119,1.1285876469031475e-05,2.3368162004117035e-05,3.6972721040008054e-10,0.719437899367408
0.0701953125,4.51133838354494,1868.0461653796963,0.0009257405981952563,0.00021383132412519315,0.0014503062099260134,0.05798739458740875,0.0032663390628950737,0.070303582719089,6.542680965977028e-05,1.3911566761768057e-06,8.70193123329404e-06,2.7917576363278034e-05,3.5638583129426857e-06,0.00021076384440189892,0.00016924714391603434,0.07779783451046438,0.06455564855360693,8.563031352631653e-05,0.0003746666820516743,2.0674706263355e-07,0.0010691358221391217,4.8103397158523215e-06,3.3739136923942924e-05,0.0010896905979698012,1.6180815632815918e-06,3.4227854067034506e-06,0.00015526099642178287,7.044432225956203e-05,5.8261362575928245e-06,0.0005062485805620485,7.442568321921499e-06,1.4005036339168703e-05,1.860558553164931e-10,0.719590161779206
0.070205078125,4.550565133429208,1884.5994150758993,0.0009070270955724208,0.0002263898230223483,0.001671156750558734,0.05481546000123541,0.003526650737705685,0.07088198881131016,5.248508387794898e-05,1.3236276843643878e-06,7.922519728144995e-06,2.3186670798098442e-05,3.041099785206821e-06,0.00015900490432345385,0.00012821923593566846,0.07729650063604346,0.06798406772799859,7.12017439968072e-05,0.00030562179626541803,1.3969213752951566e-07,0.000797805720776371,3.522508554813664e-06,2.3985987923406854e-05,0.0007259524201327003,9.306431296474539e-07,1.694480072185813e-06,0.0001302811301229627,5.3005006601891185e-05,3.7540255460712385e-06,0.0004825952930294637,4.690446130067909e-06,8.114907192895916e-06,9.092730086057486e-11,0.7197022793785023
0.07021484375,4.582395509355214,1898.2998301627997,0.0008882734292559386,0.00023808357919350554,0.001892184130402668,0.05201175393735425,0.003771292993493967,0.07132420777790222,4.236044263447809e-05,1.2971216409690815e-06,6.8746525369624075e-06,1.8516154875300034e-05,2.4891508472063816e-06,0.00011715118735148012,9.565439224145635e-05,0.07649343192951892,0.07133385789980376,5.7459692140810445e-05,0.000242984178509467,9.379450953041881e-08,0.0005774152443345262,2.4964863503683776e-06,1.6572081745028457e-05,0.00047362363501214817,5.226652685684567e-07,8.148681050863983e-07,0.0001046018528742087,3.892398675292131e-05,2.376984348856866e-06,0.0004588950120503597,2.8343753573272937e-06,4.560138546678724e-06,4.32365925198145e-11,0.7197783961803327
0.070224609375,4.608061927777417,1909.6212939940808,0.0008701338812412416,0.00024892831385202395,0.002106285038204697,0.04954165843399973,0.00399766686176026,0.07165032645494064,3.456256626933741e-05,1.293611811137101e-06,5.704226727888428e-06,1.4249974545265403e-05,1.9592272251276536e-06,8.444699580440227e-05,7.035143663622585e-05,0.07545274398572306,0.07459100152684792,4.503521095597878e-05,0.00018819637518122494,6.260767328976234e-08,0.00040635479149597086,1.7173894562732017e-06,1.1147766315478201e-05,0.0003030401349113339,2.8798330225416905e-07,3.8171719169696627e-07,8.058085976442958e-05,2.7880345102224667e-05,1.4798160416166032e-06,0.0004354773466165469,1.648283044038572e-06,2.4926641877068554e-06,2.0058584180511628e-11,0.7198229041507613
0.070234375,4.628763501277631,1919.0257334607331,0.000853139776646305,0.0002589508785305661,0.0023073773049527404,0.047369111730154595,0.004204169867522302,0.07187907329880905,2.864929353439413e-05,1.3026812529351263e-06,4.54206071659191e-06,1.059791528224487e-05,1.4874058784698643e-06,5.968225288506396e-05,5.10608452430185e-05,0.07423780616360343,0.0777435576352913,3.433038723672359e-05,0.0001420626641361855,4.1562582821211994e-08,0.00027872824474134986,1.1494508084056456e-06,7.31242825184118e-06,0.00019035712150795853,1.5636585471485892e-07,1.7451915581904603e-07,5.974483712501528e-05,1.9477112417772272e-05,9.061111452235152e-07,0.0004125758138638061,9.253134874357957e-07,1.3281516235861839e-06,9.105280253779e-12,0.7198402207944181
0.070244140625,4.6455931961960975,1926.9338577144867,0.0008376810629575142,0.0002681820529518431,0.0024909628633302864,0.04545861311969585,0.0043901744869041725,0.07202742814672974,2.4226896961097435e-05,1.3179377814446223e-06,3.4838303061312944e-06,7.638457960541451e-06,1.0924505074161152e-06,4.1441037880987726e-05,3.659465295991128e-05,0.07290689333853544,0.08078177021940278,2.550481665462071e-05,0.00010464228957393126,2.7442370585752943e-08,0.0001866413138321695,7.490932514660888e-07,4.677873359024344e-06,0.00011733012912641457,8.378610692593783e-08,7.759876552998515e-08,4.2760646951386354e-05,1.3269346193063477e-05,5.451050853420811e-07,0.0003903496454970962,5.014084883553147e-07,6.886618342180034e-07,4.047588388361478e-12,0.7198346502818823
0.07025390625,4.659492096064715,1933.7067608330856,0.0008240045401123857,0.00027665299426738604,0.002654295905025162,0.04377670306030866,0.004555908294011855,0.07211044206388557,2.0951691508897408e-05,1.3352794993756307e-06,2.586061190173367e-06,5.350777586947147e-06,7.784893769381227e-07,2.8307377173109966e-05,2.589186475763639e-05,0.07151035017808785,0.08369804910655232,1.851874724943003e-05,7.53578347559157e-05,1.7991624845552674e-08,0.00012193841904649519,4.740411448657911e-07,2.906435493408009e-06,7.055421587131804e-05,4.37562366416235e-08,3.228638664606064e-08,2.9623068861629812e-05,8.806407790027908e-06,3.200715454361887e-07,0.0003689041138722416,2.5858549034261645e-07,3.4101301764328165e-07,1.7448876224148904e-12,0.7198102953242782
0.07027343750000001,4.680829658423675,1944.7369376131046,0.0008023315232059655,0.00029141370752159185,0.002916808439089272,0.041005906890804814,0.004829381373980886,0.07212002056296725,1.6937319535259103e-05,1.3682566125753516e-06,1.3555300109819511e-06,2.5640871351238804e-06,3.8581234743164505e-07,1.3510985201098085e-05,1.3044863528731852e-05,0.06864332237821133,0.0891498078066779,9.623002979984694e-06,3.824488453103582e-05,8.123707597444384e-09,5.245469541757246e-05,1.9499561341989862e-07,1.1618521945993962e-06,2.6907246020708924e-05,1.3855047196831146e-08,7.0903533809643526e-09,1.3745336494528643e-05,3.862252273547823e-06,1.1694683729341686e-07,0.000328547527234796,7.616540748152391e-08,9.56208160769837e-08,3.7252940973370683e-13,0.7197167808655603
0.07029296875,4.697647135252126,1953.9584529065987,0.0007877519135105644,0.00030350117505663604,0.0031047062111948503,0.038804006091062486,0.005039738781113092,0.07200485769829007,1.4719872693555735e-05,1.390091779529281e-06,6.651340477724882e-07,1.170747228489971e-06,1.8193538795761473e-07,6.478252854990283e-06,6.390149431600213e-06,0.06588033074325893,0.09409921863208698,4.890828836620345e-06,1.8698293193417217e-05,3.739454137301473e-09,2.1509551418343963e-05,7.625790473008324e-08,4.4264752198176875e-07,9.902904792083908e-06,4.413217313832355e-09,1.517070600499021e-09,5.9470070976545055e-06,1.596652998393521e-06,4.134347571478625e-08,0.0002915972006069806,2.1287302029884385e-08,2.5657183237959575e-08,8.050897292153317e-14,0.7195901332666889
0.0703125,4.7120458119664965,1962.1393887732124,0.000779005137786846,0.0003131743028655757,0.003233719505441157,0.03702599518050268,0.005200856455691665,0.07182054251025827,1.3411766073656267e-05,1.3995560839952812e-06,3.0380909461693186e-07,5.05304450141157e-07,8.147926662177898e-08,3.1680212537237857e-06,2.988272342345309e-06,0.06332065069564094,0.09855110741610848,2.4903497790076186e-06,8.8692640274734e-06,1.764193111642862e-09,8.057458954367006e-06,2.6786935723170995e-08,1.5181985460974383e-07,3.3106661556160797e-06,1.3136525555069798e-09,2.8304490817468214e-10,2.3176511823915033e-06,5.968455289058907e-07,1.3379537706236794e-08,0.000258064406256063,5.14051957874415e-09,5.962851145586746e-09,1.606451353521064e-14,0.7194491774923982
0.07035156249999999,4.736926963680471,1976.5625351220085,0.0007745072275780346,0.00032616153520370774,0.0033624434497767927,0.03441860543652417,0.005412804988291745,0.07136183821108437,1.205144716938915e-05,1.3875274930167873e-06,9.08584218808838e-08,1.437651263847459e-07,2.5317779340512484e-08,1.263576853119481e-06,8.294860209806176e-07,0.0589324633847506,0.10602062630082819,1.0416751678295889e-06,3.0059155295822147e-06,6.662836942927655e-10,1.5516712875937716e-06,4.788636933047598e-09,2.6304742258407276e-08,5.581243280085344e-07,2.0232477271493887e-10,2.6787713520671732e-11,4.61779139385827e-07,1.1327825903234678e-07,2.240218330410081e-09,0.0002010208854462096,5.859724014796675e-10,6.434918946826597e-10,1.4432823432968576e-15,0.7191669686974119
0.070390625,4.759336941142904,1989.4367308407636,0.0007772379608121637,0.0003330768670766942,0.0034054927152656657,0.03253256812216416,0.0055447017173873405,0.07093726267382892,1.1196154095010494e-05,1.3549175878055735e-06,3.706692637863177e-08,5.831128572549854e-08,1.135508850901295e-08,7.270531461112387e-07,2.4662768388087985e-07,0.05541121150050643,0.11196896233523443,6.277998372513711e-07,1.4432656097771837e-06,3.693007745254871e-10,2.517698713450121e-07,7.063250846704701e-10,3.789600306434034e-09,7.915432982458293e-08,2.93081428645728e-11,3.180424745097879e-12,7.67602513905057e-08,1.839382368760103e-08,4.1584089118840865e-10,0.0001550306820415848,5.531233648204712e-11,5.718183935712955e-11,1.184976428894943e-16,0.7189183213679842
0.07046875,4.799320084399746,2011.5313289248693,0.000787122482708879,0.0003343397582760515,0.003365196266277613,0.030115699207499902,0.005673470292388323,0.07037782155772328,1.0079025166047917e-05,1.2674736139762915e-06,1.9497476644720265e-08,3.052639785052195e-08,6.260966942748132e-09,4.377766052754066e-07,7.605576790935056e-08,0.05056439688704789,0.12009890622536283,4.0145784497954194e-07,7.795377056806378e-07,2.1977435260756924e-10,1.9133162437925456e-08,4.7779250070108865e-11,2.5145543218776977e-10,5.211885465773067e-09,3.78021570913134e-12,5.461440545821087e-13,6.177166404619069e-09,1.7656868109805965e-09,1.1474760116890891e-10,9.196373868960386e-05,2.4195998007562945e-12,2.2613395448713226e-12,4.066589000147122e-18,0.7185779530396194
0.070546875,4.834834869774687,2030.3959286466122,0.0007910277085609084,0.0003275360996546466,0.0032714576290506854,0.02852838969863117,0.00572840878611092,0.07015317203967962,9.281724809768367e-06,1.180995610113539e-06,1.2588401072418839e-08,1.973312333357354e-08,4.0254216270335686e-09,2.812898839664611e-07,4.003518064693455e-08,0.047413866182400524,0.12536265220703097,2.7769635473696336e-07,4.83400233976328e-07,1.423123042888761e-10,1.4704165578220894e-09,3.259258853181476e-12,1.7103131233688574e-11,3.537209612315765e-10,1.515262437755314e-12,1.9413666455102016e-13,6.299760888192162e-10,4.02617745515484e-10,6.69087453514273e-11,5.276645129365397e-05,1.0719007035413923e-13,8.938802714835766e-14,1.007408563093293e-19,0.7183591386180993
0.070625,4.866720293977423,2046.811154902482,0.0007888142000202087,0.00031700380771956685,0.003161386769268437,0.02740333827548852,0.005746512714210311,0.0701546198648831,8.66899836966351e-06,1.1024878246237357e-06,7.964817056467053e-09,1.2624645097097757e-08,2.528650710183182e-09,1.7540592385502345e-07,2.37865926317446e-08,0.04531318188583399,0.12884995795685952,1.9477034641955347e-07,2.955471168311865e-07,8.993374505383435e-11,1.0100724370124659e-10,2.281723786188643e-13,1.2335565693962925e-12,2.4731838527913804e-11,8.67407205977177e-13,7.629579498823239e-14,1.3647617000939998e-10,1.9992196898702434e-10,4.207374160723199e-11,2.9197155124147948e-05,4.227194628953997e-15,3.1311679370723e-15,5.3562587498837253e-20,0.7182255026575536
0.07078124999999999,4.92107352419734,2073.8892924931533,0.0007718683082995186,0.0002918939972275772,0.0029361344477132766,0.025950874530219596,0.005722689634790166,0.07054359895066814,7.779375158621553e-06,9.708358494526921e-07,3.3604260273512317e-09,5.559961578450607e-09,1.065928795665772e-09,7.355970171390823e-08,9.710886036027986e-09,0.04297476783597304,0.1326720760948445,1.1351448648555282e-07,1.2033668145358883e-07,3.88655323292223e-11,4.730850961816342e-12,2.048607187154481e-14,1.240939172199818e-13,2.349450497738046e-12,3.416513763633906e-13,1.5944287279755296e-14,4.803113453129527e-11,8.63179129726875e-11,1.815091501449281e-11,9.91911729247087e-06,1.167338793619779e-16,7.264613225059291e-17,2.8299706731331266e-20,0.7181170995628149
0.0709375,4.966975349913512,2096.451363526021,0.0007498090780329305,0.00026789635689457823,0.0027301113802884708,0.024909851212717795,0.005668034705056407,0.07105729428338874,7.101296486436946e-06,8.64633177300789e-07,1.238180654393872e-09,2.1503747150218155e-09,3.9456326963611975e-10,2.725076466035704e-08,3.587258452775457e-09,0.04152083618938799,0.13501588675993395,7.529686215010878e-08,4.369527868788857e-08,1.4802388951175386e-11,6.737226610926923e-13,4.957411425478818e-15,3.2295414235284667e-14,6.297098874435613e-13,1.1889659327390884e-13,3.305050896165451e-15,1.8800768392668798e-11,3.446902403905704e-11,6.832266191758315e-12,3.0541971118630784e-06,-1.9652897794220273e-17,-1.141067143810975e-17,-1.5706231054061273e-20,0.7180691062157063
0.07125000000000001,5.037985256306437,2131.315876075817,0.0007051825539683491,0.00022862891957259841,0.002393941088210882,0.023434391562222316,0.0055258088371522174,0.0720380792950578,6.122062513073939e-06,7.098163423289196e-07,2.4652694387731027e-10,4.705397901492003e-10,8.010841971401867e-11,5.5864020993576755e-09,7.414490710916294e-10,0.03965939934798565,0.13797378332854038,5.0503621282241696e-08,8.728897541455123e-09,3.1626007373053447e-12,1.2705620847809933e-13,8.075472156851754e-16,5.657077255881915e-15,1.2071662762840806e-13,2.1729747078730847e-14,4.053314307295813e-16,4.412618115018996e-12,8.157526363029535e-12,1.420299284832284e-12,4.679849102115879e-07,6.7390487914051255e-19,2.826925291200198e-19,4.756865399609448e-22,0.7180334188263848
0.0715625,5.093911021574017,2158.911761790155,0.0006661704161679477,0.0001988864561027477,0.002131108036969585,0.022266196849006815,0.005377725396946223,0.0728556076857241,5.394168659330334e-06,5.992747915311217e-07,4.226224968093973e-11,8.758782920592744e-11,1.4004873133343942e-11,9.877080740540066e-10,1.3566908485058455e-10,0.038193378351996723,0.14029363018758004,3.9820116416505065e-08,1.5981473702252712e-09,5.755802361728026e-13,2.4167962366713885e-14,1.2188414294185146e-16,9.036909157294056e-16,2.088803646072753e-14,3.4147831018173266e-15,5.408642708529431e-17,8.818964538974359e-13,1.6413924470834871e-12,2.496146558764949e-13,6.505631251022655e-08,-8.259766861428871e-18,-3.0828554305838643e-18,-3.653510722177913e-21,0.7180111954286631
0.07187500000000001,5.139142170040518,2181.3678872503156,0.0006329783524099653,0.0001760753572040726,0.0019230141174969354,0.021292135633363476,0.005235805941053082,0.07352513807296103,4.832687909021136e-06,5.176119335165533e-07,6.132067646589561e-12,1.3655769816236488e-11,2.0732511771448964e-12,1.4790020061428807e-10,2.119685903262296e-11,0.036939540895732446,0.14227605087331008,3.342215334622855e-08,3.2672574006929945e-10,8.794442740917167e-14,3.971366133819423e-15,1.7129333093472056e-17,1.2535151556634497e-16,3.0980539196538755e-15,4.58031067040569e-16,9.061624324304979e-18,1.467080255915745e-13,2.746047619661789e-13,3.681685673009887e-14,7.973844018851101e-09,8.158886758435481e-18,2.5881102938370954e-18,3.0357905684842816e-21,0.717993868540224
0.07250000000000001,5.2046510800685075,2214.2408792195097,0.000582155471960776,0.00014502259481815835,0.0016293727412010984,0.01980737678777253,0.004991589159647491,0.07448981297255099,4.061888224122727e-06,4.1103777025653877e-07,4.327193151443322e-13,1.0804961811339171e-12,1.5216216701355361e-13,1.1091614231832944e-11,1.6974751730580988e-12,0.0349311528496335,0.1454458210740562,2.561900611999844e-08,1.1390872578187472e-10,6.767132530678254e-15,3.5155669597332453e-16,1.475557122113358e-18,8.57534731721917e-18,2.322147862242209e-16,2.8927385817577284e-17,1.4128695127002414e-18,1.279985624498482e-14,2.401252350626618e-14,2.6693331533275827e-15,4.4576865255134165e-10,5.331505126730485e-18,1.287835245164984e-18,1.4654657122638714e-21,0.7179731972270315
0.07312500000000001,5.254022820334558,2239.194797437492,0.0005428834019743302,0.00012369065090728763,0.0014193734703557702,0.01863550611323276,0.0047812177887606375,0.07521047746177524,3.5265642794502378e-06,3.4067403540912635e-07,2.6879021234865596e-14,7.334028187353427e-14,9.737362815053294e-15,7.228596232461319e-13,1.202182760366163e-13,0.033290439154954894,0.1480348454988481,2.0599723401243527e-08,9.043428833310752e-11,4.730782926081297e-16,-3.245013279115736e-17,-9.23236782528627e-19,-8.510345005184161e-19,-1.1754629872824921e-17,2.0744759226351216e-19,-2.04272420363346e-18,9.21050994347331e-16,1.7607985627480938e-15,1.640035502189392e-16,2.282489987433652e-11,-1.2974052642241163e-17,-2.4966672098680706e-18,-2.905166498120883e-21,0.7179576785047496
0.07375000000000001,5.292612892561204,2258.809864285263,0.0005116965639852957,0.00010826616335444122,0.0012628067271312916,0.017685869634830362,0.004600761480491164,0.07576920285469425,3.1384371306883474e-06,2.9141298988130213e-07,1.5591338289143858e-15,4.349781011769846e-15,5.45727792963704e-16,4.089605382594453e-14,7.368280704308274e-15,0.03192839662767972,0.15018443327789394,1.715439353572258e-08,8.253419855229855e-11,4.967630891359733e-17,1.1349930048502486e-17,1.7034778973187193e-19,2.3242583846322414e-19,5.149591510342299e-18,2.9542055699695106e-19,3.504593946800899e-19,6.541670271064859e-17,1.1540832063175284e-16,9.071092698228598e-18,1.0544528348331209e-12,2.3978937047736765e-18,3.8907756637702215e-19,4.653139196263187e-22,0.7179451195796007
0.07500000000000001,5.345640808594125,2285.982316310796,0.0004677891426257965,8.871743707656048e-05,0.0010582215416022598,0.016325105175889157,0.004327035885933199,0.07652628977749365,2.6493552781373737e-06,2.312686585807376e-07,1.40853180599319e-16,2.2096874730450348e-16,2.1019381255510352e-17,1.3296734101554604e-15,2.6001241255280854e-16,0.02991653162852702,0.15335536095443494,1.3042976064822548e-08,7.278019227068843e-11,1.804530059256378e-17,1.2922101086071856e-17,1.7728851935945555e-19,2.1647870827304828e-19,5.158532454852954e-18,2.229847793569987e-19,3.532327202773793e-19,9.684119023170183e-18,8.478120146789164e-18,4.612860313120994e-19,2.2271734498235384e-14,3.009442075345655e-18,3.586728884037924e-19,4.333214443942088e-22,0.7179320547145318
0.07625000000000001,5.384000328238142,2305.740342441007,0.0004357982494869302,7.591599216982192e-05,0.000919901469992281,0.01530618824123937,0.004112727205703777,0.07706812071254156,2.3323263259754078e-06,1.9328263893029336e-07,8.977885544361822e-17,9.381419915969442e-17,6.246998967037734e-18,2.1552575783227768e-16,3.771145213456522e-17,0.02838137661788728,0.15577450382363867,1.0529594862333162e-08,6.584864672461613e-11,1.306365997480552e-17,-1.2714202768644655e-17,-1.5990197845244445e-19,-1.8614047408479682e-19,-4.835178451927176e-18,-1.9162658806606908e-19,-3.0992619728130593e-19,-4.31005359450142e-18,-2.5028878876824578e-18,-2.033782920622428e-19,4.314845887892221e-16,-3.040472210618916e-18,-2.9275177968428943e-19,-3.630005160954311e-22,0.7179229314807515
0.07750000000000001,5.412872676853858,2320.668658222638,0.0004116423246369466,6.701482502967865e-05,0.0008214618104971451,0.01451947529596942,0.003942472741172582,0.07747248685750724,2.1145046286069953e-06,1.675884847886571e-07,7.913000851749145e-17,8.788442487086718e-17,5.833034974388628e-18,1.972057859070852e-16,3.765156428560227e-17,0.027180961973358963,0.15766623634946475,8.877248409712034e-09,6.072391873057804e-11,1.0592801971941033e-17,7.443818674079293e-18,8.628184052072049e-20,9.669973600322763e-20,2.7060008206349753e-18,9.971423916873265e-20,1.6348682818316409e-19,5.2562819882257994e-18,3.2525599471190684e-18,1.1081439498710387e-19,1.2483481936836203e-17,1.793742199889432e-18,1.4520199489247942e-19,1.8499502005805368e-22,0.7179159567891035
0.08000000000000002,5.4499837124743,2339.9590806352544,0.00038031132474338587,5.642885718085392e-05,0.0007018224465603519,0.01347956755596391,0.0037110026858742143,0.07798581865983473,1.8595768926307145e-06,1.3791076725311134e-07,6.567045285863193e-17,7.948016543666295e-17,5.3149314757724655e-18,1.895932405286984e-16,3.790099693881845e-17,0.02556841597849007,0.16020529440573875,7.026228095062002e-09,5.425261738785711e-11,7.828345990144036e-18,-3.281333220662347e-18,-3.397464323862344e-20,-3.6084277333075855e-20,-1.1176306870450981e-18,-3.706966876333323e-20,-6.161696106553564e-20,1.3947240714544182e-19,2.0120076926290725e-19,-4.208929058461799e-20,-1.4835731420844213e-18,-7.970281033163222e-19,-5.0937174342690364e-20,-6.69184212885521e-23,0.7179093335152947
0.08500000000000002,5.488430145137478,2360.0395848142134,0.00034778293432174875,4.652100980318997e-05,0.0005869838143075091,0.012370800759461138,0.0034575821196602976,0.07851059753574868,1.6255114768249646e-06,1.1104043936718456e-07,5.316835942241702e-17,7.1773634869956e-17,4.879808921237963e-18,1.881571903842075e-16,4.1738760550266464e-17,0.023825061098982803,0.16294861814038808,5.420111255250371e-09,4.78054710546344e-11,5.6641413498674795e-18,1.396760070403666e-18,1.251680363896466e-20,1.2494723959143401e-20,4.316502937064392e-19,1.2775680261615969e-20,2.153274891101415e-20,2.2765985172316718e-18,1.421664113514249e-18,1.4867052190501088e-20,5.121504043320121e-19,3.361213764932076e-19,1.6603949430638226e-20,2.2497713183512538e-23,0.7179043105653183
0.09000000000000001,5.509792568133274,2371.2313732870034,0.00032976240137072067,4.1487446492207774e-05,0.0005274575393306132,0.011741717962496621,0.0033112920368105867,0.07879937610733485,1.5082476644044325e-06,9.774753867446195e-08,4.665084548717438e-17,6.691636783183277e-17,4.584168094969332e-18,1.847441286230642e-16,4.309876779675349e-17,0.022827678851889018,0.1645178959284141,4.656508977518269e-09,4.438047227430917e-11,4.680042964275609e-18,-4.7096027081837805e-19,-4.108401541011139e-21,-3.945392328514519e-21,-1.4523040799825524e-19,-4.0318318809310235e-21,-6.835349062856349e-21,1.3749127558604953e-18,9.125441002171048e-19,-4.744315903305193e-21,-1.5657363868996107e-19,-1.1955776841159112e-19,-5.09445292078952e-21,-7.018019685415881e-24,0.7179017210275924
0.1,5.52727719418053,2380.4136982318423,0.0003150289435831984,3.7609137678133344e-05,0.00048101694104380686,0.011219293766378409,0.003188587139722376,0.07903379296200888,1.4185144560830198e-06,8.768600506959524e-08,4.1687768452903e-17,6.309887159778519e-17,4.353854826667253e-18,1.8264140839729273e-16,4.472949975519628e-17,0.021994167687499493,0.16582886577005232,4.094313429689748e-09,4.1668204767713306e-11,3.9917646590747655e-18,1.9519569729324747e-19,1.4334495834221568e-21,1.32641795709923e-21,5.1562014741310696e-20,1.3516277797219776e-21,2.3040567659361442e-21,1.6326739909132104e-18,1.0501052203928321e-18,1.620379726742874e-21,5.2038763214896626e-20,4.453523438000515e-20,1.6768239192972326e-21,2.337562754033903e-24,0.717900127313415
0.11,5.534704120667536,2384.318422375348,0.00030878864119874384,3.6029218901883114e-05,0.0004619439870225276,0.010995526160263164,0.003135751811273977,0.07913293404837402,1.3820569477467816e-06,8.363292032610331e-08,3.9662262857549966e-17,6.142714849579351e-17,4.2507401850427464e-18,1.8142790538613558e-16,4.5331137018059315e-17,0.02163616321304138,0.16639194246454783,3.872200696916235e-09,4.054572421553685e-11,3.725049161345493e-18,-1.169918020335209e-19,-1.0144349977390958e-21,-9.33203674492537e-22,-3.7057496423812355e-20,-9.494127702903646e-22,-1.6151963101476438e-21,1.4732233064207492e-18,9.617865613681314e-19,-1.1365961566477206e-21,-3.623960093010572e-20,-3.229091559137443e-20,-1.1605975714069448e-21,-1.6352592926486788e-24,0.7178994508505859
0.12,5.5379114934438025,2386.0059431514223,0.00030609421112360626,3.535867589223752e-05,0.00045382262780843674,0.010898496963896234,0.0031127860371786844,0.0791756315833741,1.366595424879179e-06,8.19213353111037e-08,3.8810330318305115e-17,6.072859389199365e-17,4.208056048545417e-18,1.8100975787962063e-16,4.5649687375584254e-17,0.021480637668583054,0.16663651898419207,3.779173973621058e-09,4.0066030040989235e-11,3.615466303527778e-18,1.69343877188435e-20,2.3835962918594544e-23,1.345681316166948e-23,5.154704320402273e-22,1.4163363400519244e-23,2.2669427595473684e-23,1.5227943529851229e-18,9.877373858659251e-19,2.3282327317393418e-23,4.47316140704318e-22,3.8431301926966006e-22,1.5577230250584897e-23,2.4353760848324686e-26,0.7178992009097753
0.14,5.539692847078153,2386.943729587381,0.0003045962969598205,3.4989010203735805e-05,0.0004493391214725933,0.010844480384916724,0.00309998190634376,0.07919929623647898,1.3580748770708765e-06,8.098015689604541e-08,3.834014907213465e-17,6.033648818308448e-17,4.1839595222192465e-18,1.8075525435757674e-16,4.5819817011984384e-17,0.02139392294487257,0.1667728550657494,3.728206656359423e-09,3.9800624230906065e-11,3.555613088843629e-18,5.142014476372666e-20,2.8302271723299205e-22,2.4957106652210534e-22,1.0054973060718647e-20,2.534743847567591e-22,4.319827407700361e-22,1.5326842371094565e-18,9.92595740993876e-19,3.11780103819743e-22,9.650481854524347e-21,8.898516441250407e-21,3.085131013412437e-22,4.349752119797147e-25,0.7178990962077854
0.16000000000000003,5.540189036643098,2387.204993674867,0.00030417905314613595,3.488642480929426e-05,0.000448094054230277,0.010829420510650665,0.00309641030596998,0.079205883156473,1.3557105279524184e-06,8.071925505094162e-08,3.8208506343765523e-17,6.0222232670635e-17,4.176810855692218e-18,1.8065827761201371e-16,4.585566552678126e-17,0.021369735435372978,0.1668108816766076,3.7141031985363163e-09,3.972686175387013e-11,3.538904962605508e-18,2.185514424439304e-21,-8.995645762873396e-23,-8.873462517670043e-23,-3.59178783203312e-21,-9.042848696814932e-23,-1.546783172994284e-22,1.509531428990675e-18,9.800204276837172e-19,-1.0322694399415375e-22,-3.440095054455791e-21,-3.210418737603548e-21,-1.1054793232515572e-22,-1.554326122860136e-25,0.7178990691969511
0.2,5.540189036655361,2387.204993674867,0.00030417905314613595,3.488642480929426e-05,0.000448094054230277,0.010829420510650665,0.00309641030596998,0.079205883156473,1.3557105279524184e-06,8.071925505094162e-08,3.820850634376555e-17,6.022223267063513e-17,4.176810855692228e-18,1.8065827761201413e-16,4.5855665526781547e-17,0.021369735435372978,0.1668108816766076,3.7141031985363163e-09,3.972686175387013e-11,3.538904962605508e-18,2.1855144244393762e-21,-8.995645762873415e-23,-8.873462517670024e-23,-3.591787832033126e-21,-9.042848696814932e-23,-1.5467831729942953e-22,1.509531428990675e-18,9.800204276837172e-19,-1.0322694399415394e-22,-3.440095054455785e-21,-3.21041873760356e-21,-1.1054793232515497e-22,-1.554326122860125e-25,0.7178990691991267
