z (m),u (m/s),V (1/s),T (K),rho (kg/m3),H2,H,O,O2,OH,H2O,HO2,H2O2,CH,CH2,CH2*,CH3,CH4,CO,CO2,HCO,CH2O,CH3O,C2H2,H2CC,C2H3,C2H4,C2H5,C2H6,HCCO,CH2CO,CH2CHO,CH3CHO,aC3H5,C3H6,nC3H7,N2
0.0,0.6846675989769716,0.0,300.0,1.1698498187350024,5.027608801112925e-16,1.4808060980200708e-15,4.613456625307274e-20,0.1963000000000033,-8.176713395129815e-15,-2.4804687112663463e-15,4.397587263376011e-18,5.667679430755638e-16,-4.626204194349666e-15,3.300976175349022e-20,4.81830645812816e-15,-5.901339789892702e-15,6.63433629443316e-16,-2.3830393689732756e-17,-3.06725898407505e-18,2.2409420885096382e-20,1.756321825402003e-15,2.211555928307795e-20,1.2755765188207974e-17,-3.240336556808087e-15,2.3611619927197432e-20,0.06550000000000035,2.14365408175078e-20,1.3539708188154942e-15,3.601956410217697e-20,-6.595378976080043e-16,1.9007268257639456e-20,-1.1231630447119687e-18,7.366598009153887e-16,-1.031679230903109e-15,1.6956275518960425e-20,0.7382000000000105
0.020000000000000004,0.6846675989729017,0.0,299.9999999981827,1.1698498187419542,5.051874463157729e-16,9.478301973213347e-21,-1.8353321750678796e-19,0.19629999999999365,-1.972851379633725e-17,-9.44734100609932e-15,3.231752341596189e-15,-2.0190525929960455e-15,-5.367369448590942e-22,-6.988929448087106e-21,1.3544717725402014e-22,2.3681689919082467e-13,1.5936592879832833e-15,-1.6019370292602177e-14,-2.6788481675575723e-15,-1.8669735505255945e-20,-3.0370085340460442e-15,2.7654072488963054e-21,-2.864601324644984e-17,-9.689541324053868e-22,-6.9320095464519e-21,0.06549999999999083,1.0124928352985658e-19,-1.313685822753019e-13,3.615540954035547e-24,-2.888525849596737e-15,-6.755130866915782e-20,-9.436665314650721e-19,1.5925555956976319e-15,1.3872836529754637e-14,7.122863596525498e-19,0.7381999999999255
0.04000000000000001,0.6846675989732981,0.0,299.99999999835956,1.1698498187412891,7.030782954438235e-16,-1.50326621066768e-23,5.496608615176235e-21,0.19629999999998068,1.4094560937743833e-18,-8.912872228198185e-15,2.1278743505155964e-14,-4.134515193575954e-15,-1.675685568179817e-25,8.286821783902456e-24,-3.888535858578208e-26,2.070357745819898e-13,1.6579784376332256e-15,-1.5409333785465993e-14,-2.6797789311496758e-15,6.524819040767014e-22,-2.080827897477037e-15,-1.1498437034091013e-21,-2.6026862872059244e-17,-3.2898616321353806e-25,5.597120970447477e-22,0.06549999999997835,-2.5657584473720123e-22,-1.2322952781432795e-13,-1.0440338026047686e-23,-2.711702919274909e-15,5.439511194522926e-21,-1.225014476527571e-18,1.591799933886606e-15,2.6927935058967562e-14,6.22720010519973e-19,0.738199999999941
0.05,0.6846675989738881,0.0,299.99999999862075,1.1698498187402835,1.4171911669760515e-14,6.107035210519316e-23,4.9416393201882675e-21,0.19629999999997563,1.2070396265758686e-18,-8.682146183379038e-15,2.8690168674982494e-14,-5.06387523236316e-15,4.521305753755986e-25,3.360458017376223e-23,1.0496755908667182e-25,1.6484091208757767e-13,1.6853026500372318e-15,-1.513302914942241e-14,-2.6771246606218582e-15,5.798143795773737e-22,-1.6855781268973602e-15,6.831859073161157e-21,-2.3814561860633102e-17,8.8694577625873e-25,4.777345550474022e-22,0.06549999999997354,9.768557686923743e-22,-1.0481039972798107e-13,2.817981544208461e-23,-2.6344830647100723e-15,4.6919698657582595e-21,-4.2270212060027953e-19,1.5924940937361654e-15,3.212951788085801e-14,4.958857595659153e-19,0.7381999999999485
0.055,0.6846675989745049,0.0,299.9999999987677,1.1698498187392303,4.691576636285381e-13,-8.984405962224575e-23,3.4666333380551434e-21,0.19629999999988457,9.613395706677338e-19,-8.591428780179412e-15,3.189930441449241e-14,-5.499184801488404e-15,-7.549086809288809e-25,-2.2888283169905418e-23,-1.752596408569865e-25,1.4108688293768137e-13,1.6953160533523544e-15,-1.5038145252434386e-14,-2.6789574405111875e-15,4.1818953455996982e-22,-1.5241909418179537e-15,-9.498977323648177e-21,-2.3971624465047084e-17,-1.4809019237024013e-24,3.79564617678388e-22,0.06549999999994414,-1.480585070931278e-21,-9.408273352121388e-14,-4.7049109910818326e-23,-2.6053977024903547e-15,3.639087745060753e-21,-9.050736157048875e-19,1.5917887133357774e-15,3.435418484889038e-14,4.242933717527641e-19,0.7381999999996214
0.06,0.684667598987985,0.0,299.99999999891423,1.1698498187161972,2.111980911287197e-11,-1.5240806936457618e-22,2.466782845078397e-21,0.19629999999577188,7.602675000285727e-19,-8.439154717162088e-15,3.463839265805445e-14,-5.904000899987034e-15,-1.2520343385631429e-24,-4.7271116045247055e-23,-2.9067271197055183e-25,1.1748534393710758e-13,1.7046525195207271e-15,-1.495899367108867e-14,-2.6819366558327537e-15,3.051808709447906e-22,-1.3937685399339436e-15,-1.6562286581548832e-20,-2.464041522720586e-17,-2.4561160484068116e-24,2.996859324722571e-22,0.06549999999867782,-2.4989265011854015e-21,-8.324114236989048e-14,-7.803600674945897e-23,-2.5832302864338027e-15,2.820959134265732e-21,-1.7200207986875384e-18,1.5906811829580793e-15,3.620659837703789e-14,3.532432795936578e-19,0.7381999999843579
0.0625,0.6846675992137715,0.0,299.99999999902246,1.1698498183304171,3.751783783883427e-10,2.240610244759809e-22,4.170735064798473e-21,0.19629999992525746,8.697293560249969e-19,-3.6286206556807854e-15,3.595291846145732e-14,-6.091975126288193e-15,1.775562582060431e-24,8.877473670514257e-23,4.122165232060752e-25,1.0601417190822087e-13,1.819365065625744e-15,-1.4127480093692391e-14,-2.6741691960854316e-15,4.745194991915332e-22,-1.3229311178906711e-15,2.3324746019357494e-20,-2.1559523153551685e-17,3.483110526005117e-24,3.4548534264819267e-22,0.06549999997698579,3.6403882109849225e-21,-7.792988147974747e-14,1.1065177572524412e-22,-2.5681331939444603e-15,3.508402340369044e-21,-9.977107340911666e-19,1.5914380665557718e-15,3.704410846082065e-14,3.1910271870596257e-19,0.7381999997225044
0.065,0.6846676044519998,0.0,300.0000000020959,1.1698498093803413,8.587032576705922e-09,8.769276334234582e-22,7.389115331596082e-21,0.19629999828964753,1.1266474829896752e-18,3.698005119523142e-13,3.811750824344904e-14,-5.825406366929836e-15,7.023803499334663e-24,3.2535269669030684e-22,1.6306514204365348e-24,9.517253328717245e-14,1.0434243612282811e-14,5.1843860817086123e-14,-2.0612306867079573e-15,7.99268561986678e-22,-9.965191755187778e-16,9.377405083283213e-20,1.9323051535605616e-16,1.3778576979448037e-23,4.513320281580828e-22,0.06549999947387919,1.4296052703881523e-20,-7.276075876466282e-14,4.377506075549638e-22,-2.5361047856887176e-15,4.958106768400349e-21,3.883005862936019e-18,1.5943977802438198e-15,3.7800167615139076e-14,2.8712223050322624e-19,0.73819999364892
0.06625,0.6846676508182612,0.0,300.000000094733,1.169849730158473,8.103648321666643e-08,-1.5139846595755517e-21,-5.3825926627356766e-21,0.19629998385530853,-6.182120368679729e-20,1.138127512227952e-11,6.723854840706647e-14,8.593616968791422e-15,-1.2189231211569796e-23,-5.434881715251655e-22,-2.8298739256514067e-24,9.305341559202711e-14,2.658793839321708e-13,2.168785989335365e-12,2.344129136392937e-14,-5.07192843297673e-22,9.56201264621784e-15,-1.4938311451265955e-19,8.612017300839626e-15,-2.391149933307524e-23,-3.628240161141197e-23,0.06549999503508262,-2.4587012384191463e-20,-6.737426037236474e-14,-7.59508133430329e-22,-2.072125337285157e-15,-1.3223377754525111e-21,1.178734258451543e-16,1.5922299620635071e-15,3.818899190488914e-14,2.784383100709903e-19,0.7381999400591287
0.0675,0.6846682179856408,0.0,300.0000039316224,1.1698487610898267,9.574360180715247e-07,3.8188157125488596e-21,2.7480016097063255e-20,0.19629980907874428,3.7357177472942436e-18,4.480512583678015e-10,1.3032303055686048e-12,6.389400386874503e-13,3.063005922722451e-23,1.4052977385807762e-21,7.111033734996443e-24,2.1696400860849234e-13,1.0460544629015453e-11,9.359720937902738e-11,1.4682658041115232e-12,2.924762183432423e-21,6.137948224855818e-13,5.452790376114758e-19,4.588766767908001e-13,6.008653509274961e-23,1.4922356088970524e-21,0.06549994133393215,6.231677056648999e-20,1.1006971651361878e-13,1.9085619467155613e-21,2.9024350285272814e-14,1.6981078329646e-20,7.892699338305244e-15,1.6260302594502843e-15,4.050684745814686e-14,6.561403757957241e-19,0.7381992915943073
0.068125,0.6846709593732828,0.0,300.0000640246988,1.169844077138631,5.04255353405682e-06,-8.288579056528332e-21,2.665675331985017e-19,0.19629899177518226,8.185830140095302e-17,6.996301605691431e-09,2.143269928226131e-11,1.0986553644036457e-11,-6.929245960780147e-23,-2.2459499215673762e-21,-1.6085234644350265e-23,2.1612708144882403e-12,1.6430601546200876e-10,1.5857460068113915e-09,3.233478622798587e-11,3.2082274591080975e-20,1.3663058668006366e-11,5.148462693590297e-17,9.542611772963e-12,-1.3592088895262982e-22,2.9397642715663156e-20,0.06549969089184009,-1.303980128649466e-19,4.088545008065242e-12,-4.3160988552195596e-21,8.053175412842575e-13,2.818244004896467e-19,2.0386966861239441e-13,2.414283655695275e-15,8.312040775364328e-14,6.4881461302345214e-18,0.7381962659377858
0.06875,0.6846909496779873,0.0,300.00133890910575,1.1698099226559984,3.179291744806143e-05,6.042541957366191e-20,4.228041388342232e-17,0.1962935848419893,1.1833140673724901e-14,1.4010537636089142e-07,4.655772488066725e-10,2.4088730750789966e-10,8.078681805665235e-23,1.235003755842724e-19,1.9443505066091043e-23,4.191256810949424e-11,3.3110572151639034e-09,3.4552455254932876e-08,9.218386175581369e-10,4.97162372217799e-18,3.937990108478626e-10,1.2440671114545681e-14,2.569118071484136e-10,1.5959108102110033e-22,4.205502618465382e-18,0.06549804747277681,8.374224507057326e-19,1.2589776116296838e-10,5.030875660406849e-21,2.6926272625570732e-11,4.1123594206125887e-17,6.860878966218439e-12,3.3311765516443894e-14,1.585449636389944e-12,1.2599478115940741e-16,0.7381763943166423
0.0690625,0.6847587473212415,0.0,300.0116394617262,1.1696941014123308,0.0001008223715440065,3.81076624238679e-18,2.4891022480976865e-15,0.19627919262200275,6.988175559387173e-13,1.1713526373120166e-06,4.1943100202149e-09,2.1848533431568917e-09,-1.9009527802832697e-22,7.0664119625636e-18,2.8851474424567313e-22,3.5108183667782637e-10,2.7839515119870098e-08,3.117894245089529e-07,1.0645066168024855e-08,2.9275715526038294e-16,4.591994398801628e-09,1.0747039475063886e-12,2.8138306091914322e-09,1.827975608090285e-22,2.4778039786846035e-16,0.06549377081032502,4.455423680788504e-17,1.5399213170074976e-09,-1.0903862141555729e-20,3.5937227110341975e-10,2.4214628050671202e-15,9.248417298895097e-11,4.872264301267046e-13,2.259111554117335e-11,1.0551266254349985e-15,0.7381246764167788
0.06937499999999999,0.6851890635539082,0.0,300.12596968731657,1.1689595086830895,0.0003612807458376459,3.2844589345969307e-16,1.0922774976131257e-13,0.1962201310634512,3.06611714859396e-11,1.2164021693649605e-05,4.7104584914519825e-08,2.4737292895222437e-08,-1.8017747357802907e-22,3.1518603232814165e-16,1.5150779003326356e-19,3.650566649654743e-09,2.908616329472413e-07,3.51181046490807e-06,1.5555172314971545e-07,1.288224350768791e-14,6.771944261717045e-08,7.113775369973881e-11,3.889318337344005e-08,2.5243332308938935e-19,1.0895462145627586e-14,0.06547713311375918,3.806112106059511e-15,2.3889011062018154e-08,6.616602830021121e-19,6.098171300878454e-09,1.064384789794983e-13,1.5889081352565558e-09,9.534836510675008e-12,4.364224521460152e-10,1.102542621620539e-14,0.7379251186022653
0.06953124999999999,0.6865760875079576,0.0,300.61534334743413,1.1665979827503676,0.0007620685185133219,1.0165294888155644e-14,1.6817149274264698e-12,0.19610935628328144,4.68909539166471e-10,5.743078818899488e-05,2.366475131499236e-07,1.2528467461105744e-07,-8.824121401532324e-21,5.152801443685463e-15,1.0957128325099332e-17,1.7288305529810245e-08,1.3803960871136062e-06,1.774990238569798e-05,9.826918971432801e-07,2.0030108582508375e-13,4.296187208897818e-07,1.7170338593191003e-09,2.3412289835602403e-07,1.826809180246544e-17,1.6832507161638116e-13,0.06544883567171893,1.2698489556270318e-13,1.589772884240559e-07,7.423276586156627e-17,4.372425602131772e-08,1.6439059626495035e-12,1.1572758377357009e-08,7.865569975377672e-11,3.5649720218945234e-09,5.3285150376743473e-14,0.737600932678051
0.06968749999999999,0.6939791575932268,0.0,303.55236468649673,1.1541532568777189,0.0017140896789954565,3.7174610328668976e-13,2.1260454311115304e-11,0.19573262385245865,5.695966148845393e-09,0.00031953124106239765,1.4046033082986486e-06,7.500186433472059e-07,7.301902661012839e-20,8.586969344504862e-14,7.486107727959113e-16,9.773986125344528e-08,7.729945006589325e-06,0.00010653933441343289,7.51897348721233e-06,2.707811025825913e-12,3.2861579129514223e-06,3.477895232242836e-08,1.7000983218705794e-06,1.2495347168480263e-15,2.172523561708012e-12,0.06536194060204745,5.073135736539145e-12,1.2864067854533683e-06,7.968057111373843e-15,3.8275663611062737e-07,2.1282768837697295e-11,1.0319189812121219e-07,8.087265512861452e-10,3.613850394492192e-08,3.41472171963846e-13,0.7367409379237068
0.06976562499999998,0.7105156900944211,0.0,310.42730155502846,1.1272915562631403,0.002671475514987718,4.336149368747442e-12,1.1108194047485662e-10,0.19509995241189115,2.7017992937439932e-08,0.0009125212235325959,4.250442495181165e-06,2.2105291825492763e-06,-3.3035036277148385e-19,6.838132656894353e-13,1.1220642200383495e-14,3.1151915155646445e-07,2.2219056861808266e-05,0.00032267516186137697,2.7437423065144398e-05,1.6432767050895088e-11,1.1856182619730955e-05,2.679985538456088e-07,5.955377157698707e-06,1.8744564206193208e-14,1.1830341901860027e-11,0.06521910138010366,8.683307451253654e-11,4.901979012574905e-06,1.6028036248448108e-13,1.5492103942191367e-06,1.168689178862479e-10,4.2526194648600575e-07,3.955802065918312e-09,1.6566071971658741e-07,1.4461209390747276e-12,0.7356926923429645
0.06980468749999999,0.7331444689073878,0.0,319.9893951219357,1.0924973075428388,0.0033815738144391404,2.2133847767035854e-11,3.288467288467948e-10,0.19433800407443833,6.985886006524042e-08,0.0017133030811850025,8.432094646291648e-06,4.1868611068398855e-06,4.1048016040398847e-19,2.9079954761033187e-12,6.303810060499137e-14,6.833390403477703e-07,4.199837962333451e-05,0.0006341015807475798,6.205153455721158e-05,5.7752273664147154e-11,2.6467751925974263e-05,9.054139900090927e-07,1.3052289568625412e-05,1.0543304272943587e-13,3.6799115132673383e-11,0.06503353103271393,9.32990680690858e-10,1.1461551314611394e-05,1.0991859484667276e-12,3.803599533072577e-06,3.697524472517534e-10,1.0577051417119763e-06,1.1697361498646769e-08,4.4957207076426307e-07,4.695189315764358e-12,0.7347248530105898
0.06984374999999998,0.780732540005382,0.0,340.2233229813606,1.0259062105136778,0.0042988643895096965,1.4540836801190034e-10,1.1779578780966146e-09,0.19282885373616923,1.932825117729136e-07,0.003360771207075159,1.7846394540920013e-05,8.226892222833039e-06,2.772154321777132e-19,1.541667447910925e-11,4.232606440365725e-13,1.686379741966646e-06,8.33176376466469e-05,0.0013158210360087006,0.00015075642756835655,2.664685095024997e-10,6.322250499084717e-05,2.9934202276168414e-06,3.0614084073596414e-05,7.088983683311682e-13,1.4622227868915715e-10,0.06462302600116523,1.1861228237222057e-08,2.8903310078025984e-05,9.258145492989329e-12,1.0139951066081191e-05,1.5346321538730935e-09,2.857051107443831e-06,3.9047535705672724e-08,1.3420012719198999e-06,2.5319866780320546e-11,0.733170510062444
0.06988281249999999,0.8757141675703917,0.0,380.6803455379321,0.9146344156230801,0.005440508164039553,1.2743638604055976e-09,5.5699092445856525e-09,0.1899136701732749,6.067598538859926e-07,0.006544414309308654,3.8592652912610546e-05,1.5703462738670107e-05,2.045299460956195e-20,1.0408802941401817e-10,3.6188736332276622e-12,4.715446299745506e-06,0.00016523113126363863,0.0027338548222695163,0.00036509819399657527,1.6827538362938151e-09,0.00014947852452989644,9.112059981137783e-06,7.165943679938724e-05,6.060251299263158e-12,8.520760547921887e-10,0.06372227728679566,1.5373860457152584e-07,7.248653315260995e-05,9.389647952416717e-11,2.6809802153405863e-05,9.618137741493644e-09,7.655845936252966e-06,1.3760049028226724e-07,3.9743610431639964e-06,2.466783528066721e-10,0.7307138402429731
0.06990234374999998,0.9547998697926456,0.0,414.3473446816045,0.8388755576659009,0.00609566626203541,5.689976048080828e-09,1.597235079141421e-08,0.18751618828239836,1.2986722638653403e-06,0.009102139070085778,5.798727179024336e-05,2.1224051024818487e-05,2.3105552943912576e-17,3.6937426073539364e-10,1.4658645627342902e-11,9.070607372665632e-06,0.00023307922758341237,0.0039590676826085185,0.000574470554409014,5.543432269528505e-09,0.00023059625892365382,1.5675159927171425e-05,0.00011067298983505324,2.451448420142338e-11,2.8221876948616933e-09,0.06289279885809487,7.702585037812038e-07,0.00011602190287014507,3.9345972450538013e-10,4.4168776348431066e-05,3.548924913367581e-08,1.2740302707355862e-05,2.881201729738874e-07,7.022464993657413e-06,1.2082326679446404e-09,0.728998985698615
0.069921875,1.064153601019417,0.0,460.8204971051051,0.752671629445379,0.006796257434223228,2.7475782242039434e-08,4.7526315789726625e-08,0.18420247332728654,2.8514306170313816e-06,0.012530415662186569,8.721089501678874e-05,2.817563271649017e-05,3.9623543451680715e-16,1.3673284888332617e-09,6.258767055915715e-11,1.7936851629600925e-05,0.0003268227778094399,0.00570870927185106,0.0009016174557380738,1.940346476094579e-08,0.00035300475061003384,2.595562139562366e-05,0.00017041801216173322,1.0400830565856359e-10,1.0407778026172134e-08,0.06164424657356422,3.1101699123700725e-06,0.00018492173188571813,1.6747547449442774e-09,7.245835257363862e-05,1.4502970387413827e-07,2.1175890286509797e-05,6.104598158363606e-07,1.2458651838959894e-05,6.030198738594653e-09,0.7269089099649575
0.06993164062499999,1.1328854410802043,0.0,489.97663915274956,0.7070072411832601,0.007160412303529405,7.475335879862999e-08,8.688959568901929e-08,0.182112670436979,4.396359476361718e-06,0.014628247389976624,0.00010690049930688082,3.2171870863458204e-05,2.1966809775081634e-15,2.8306279893405945e-09,1.3872641095891497e-10,2.5936515022712598e-05,0.0003857759522458135,0.006838724610592062,0.0011280578732359623,3.8434612134088064e-08,0.00043444539840540143,3.2645624572738224e-05,0.00021114668834315662,2.2946930042337042e-10,2.141724505737674e-08,0.06080273015384217,6.415884731903363e-06,0.00023265160529819322,3.694223301054344e-09,9.245593217086606e-05,3.3064003832207727e-07,2.72893860462225e-05,8.991671688584934e-07,1.6631523474585653e-05,1.4662149374237528e-08,0.7257188211346689
0.06994140624999999,1.212139600255979,0.0,523.541853516936,0.6607804931850019,0.007531123310303335,1.967691196346374e-07,1.5701148642290787e-07,0.17969032136807334,6.747039237758884e-06,0.017001735214006664,0.00013064642476773642,3.650163860608612e-05,1.2230544142231298e-14,5.843375018212297e-09,3.070912802162967e-10,3.756589707162534e-05,0.0004539079486479981,0.008169743804331586,0.0014078544360094432,7.603978706223067e-08,0.0005317215184490193,4.030108794581362e-05,0.0002609498839473571,5.041672932933774e-10,4.446536033645285e-08,0.05978142664211577,1.2445891986530096e-05,0.00029141823892324316,7.999220815171815e-09,0.00011735168750821847,7.439841210599427e-07,3.50855175159029e-05,1.3185550474313747e-06,2.2181213156559172e-05,3.393627025629095e-08,0.7244383858223371
0.069951171875,1.3023614558615886,0.0,561.6782560029827,0.6150045369770126,0.007906519280738454,5.151330678104686e-07,2.8048905913142406e-07,0.17691358081978809,1.0271202511654258e-05,0.019653774845923615,0.00015880832125895962,4.1114372159619514e-05,6.751083998589878e-14,1.2010008184848097e-08,6.750488599918972e-10,5.4309973861627657e-05,0.0005317323455719054,0.009719030842728328,0.0017487032745066914,1.495417774981038e-07,0.0006452100137772307,4.854036968000008e-05,0.0003210393904463144,1.0970644888236392e-09,9.238819344706201e-08,0.05855860232216605,2.2791574643701685e-05,0.0003622132408314291,1.7032593571230057e-08,0.00014751059649299614,1.6405209112393098e-06,4.4861725000568494e-05,1.9073235108796527e-06,2.942232066212998e-05,7.469735334832791e-08,0.7230772722585946
0.06996093749999999,1.4037778654614221,0.0,604.4506513632741,0.5705733321231513,0.0082848919746448,1.3167984770792883e-06,4.933563378222174e-07,0.17376531312969093,1.545063452771257e-05,0.022582227629797218,0.00019161854730185765,4.594238391820955e-05,3.6641303209500093e-13,2.4452412941387605e-08,1.4640484480492716e-09,7.814665634045684e-05,0.0006196017351439363,0.011501582302195628,0.0021582715611068552,2.9050693206977753e-07,0.0007740902751745618,5.6700708732774714e-05,0.00039261431360798594,2.349318776239502e-09,1.903111925754439e-07,0.0571145769698667,3.9217797758121025e-05,0.00044545387692331115,3.541134001910188e-08,0.00018288884669404756,3.479348608139446e-06,5.691590703474486e-05,2.702165479325364e-06,3.868890651736492e-05,1.545103741410012e-07,0.7216471151681351
0.06997070312499999,1.516375314121518,0.0,651.8177953702597,0.5282057975820601,0.00866476814794418,3.2220310722650445e-06,8.526326150197902e-07,0.17023371863554795,2.290198210130681e-05,0.025780408449222417,0.00022913392207459207,5.08983526158946e-05,1.8969387126206103e-12,4.907838763702563e-08,3.114248543039891e-09,0.00011164786662453263,0.0007176514641067833,0.013529646517545787,0.0026440519839655945,5.55074344284112e-07,0.0009159265480452512,6.382009528599351e-05,0.0004768456805270237,4.9266128455009e-09,3.854778324438784e-07,0.05543347394231385,6.294969254749792e-05,0.0005406270984215684,7.150098160004381e-08,0.0002228218498416061,6.985221724075563e-06,7.152505767329128e-05,3.72872169971553e-06,5.031555143136479e-05,2.969877330664552e-07,0.720160712393015
0.06998046875,1.6398818223645042,0.0,703.6254118425555,0.4884243764586341,0.00904494993798111,7.4302621912944045e-06,1.4491142718186101e-06,0.16631277378010467,3.342033342855909e-05,0.029237611707212858,0.0002711989677712196,5.587043872375321e-05,9.09388899523709e-12,9.658077658592597e-08,6.463800963004745e-09,0.00015801861182324623,0.0008256906610549189,0.01581228813868266,0.0032132505009753215,1.0405918796556384e-06,0.0010663433613081208,6.872219930671945e-05,0.0005748690914540674,1.0080532804292946e-08,7.621974550167435e-07,0.0535053719308074,9.361098518674309e-05,0.0006457999519512775,1.398126091179385e-07,0.00026585183743142347,1.3131003066209743e-05,8.891175656464439e-05,4.992718193467384e-06,6.460658904838777e-05,5.245694632495776e-07,0.7186312558158489
0.06998535156249999,1.7056421562422863,0.0,731.1456267751468,0.4695933844879955,0.009234920036856463,1.1190374359778948e-05,1.8945946993723398e-06,0.16420295235994384,4.025390050475832e-05,0.03106068361568414,0.000293831400306081,5.830925427057751e-05,1.9987061244917155e-11,1.3551628616250307e-07,9.264646960793489e-09,0.0001875002942647649,0.0008832718368138059,0.01705319622561269,0.0035323868068271908,1.4249656958105534e-06,0.0011424248983849603,6.990511910499063e-05,0.0006295796339203639,1.439082527700305e-08,1.0670592585926655e-06,0.052445886224609405,0.00011055342310075675,0.0007007179197237777,1.953546508635807e-07,0.0002876892124021548,1.7615854259948556e-05,9.871485378251596e-05,5.70933718949253e-06,7.285698684346556e-05,6.717393064489836e-07,0.7178544375258775
0.06999023437499999,1.773992711251651,0.0,759.7019223889835,0.4515003277131927,0.009424631623061609,1.6431665936781416e-05,2.470015236523398e-06,0.16199224153140507,4.832035717110274e-05,0.03294491581021911,0.0003174410264214818,6.069200294630832e-05,4.243109601449011e-11,1.8886603219367186e-07,1.3174998607684888e-08,0.00022174979834925615,0.000943091429692113,0.018362338819491748,0.003876232781803471,1.9429124516514175e-06,0.0012180491396233239,7.010321695460969e-05,0.0006883576100153139,2.0415578384873368e-08,1.483328188588059e-06,0.051321541311223934,0.00012790830794798816,0.0007564495802727086,2.7065971219247985e-07,0.00030936063077340666,2.32125023662706e-05,0.0001092896607976808,6.4822528809152885e-06,8.190162235422814e-05,8.379048087962313e-07,0.7170720299988534
0.06999511718749998,1.8448122792480737,0.0,789.237409938356,0.4341679196189809,0.009613996637033233,2.360762521927812e-05,3.2149819363601167e-06,0.15968172453783927,5.782144689183185e-05,0.034887794884908396,0.0003418872456805895,6.299251530806923e-05,8.77627502234505e-11,2.616414099559721e-07,1.858361683296007e-08,0.00026120115222509263,0.0010049043234171922,0.019739696038736817,0.00424566343002072,2.6395715226814617e-06,0.0012920762097854124,6.925843892011562e-05,0.0007513494724248405,2.8813386928936886e-08,2.0485423081816544e-06,0.0501336248054221,0.00014489866860602747,0.0008120175746126524,3.7236425926989103e-07,0.00033044607986336785,3.0024710674779238e-05,0.00012062553837376428,7.308479267314197e-06,9.174727331469652e-05,1.0139336841607236e-06,0.7162857343915673
0.06999999999999999,1.9179617013890404,0.0,819.6876772253339,0.4176091362927793,0.009802936164102504,3.324168363960046e-05,4.180415356046387e-06,0.15727295766801622,6.89960063130898e-05,0.036886563002853014,0.00036698814365400195,6.51807951476006e-05,1.7714941113145265e-10,3.603095322612641e-07,2.5993581543333506e-08,0.00030620929820368526,0.001068383016623821,0.02118486933857267,0.004641517360544729,3.5726905731641255e-06,0.001363283727104835,6.737832311699913e-05,0.0008186993998924757,4.04916346840142e-08,2.8107033057906744e-06,0.04888402571510608,0.0001607297257610845,0.000866258408350177,5.089380128153312e-07,0.00035050564046647877,3.811101886697345e-05,0.0001326963222163333,8.185898931596993e-06,0.00010238427241284398,1.185193974983512e-06,0.7154972141569824
0.0700048828125,1.9932848116884494,0.0,850.9812917694351,0.40182835211275963,0.009991375153393824,4.592489700921954e-05,5.431037729949943e-06,0.1547680048678173,8.212386860915159e-05,0.03893820112885881,0.0003925073778895677,6.722246453200809e-05,3.492389973399145e-10,4.932447530233833e-07,3.6050830337173523e-08,0.00035700964133195384,0.0011331054860189258,0.022697027081011973,0.005064592904269513,4.814707990882796e-06,0.0014304012371157409,6.454365683408779e-05,0.0008905490307194081,5.671813972812483e-08,3.830909561287937e-06,0.04757519878250554,0.00017465658819812807,0.0009178452554433463,6.910962141111298e-07,0.00036910035096873945,4.7467330236043106e-05,0.0001454584205000252,9.11412000151526e-06,0.00011378320469406293,1.3319702114749478e-06,0.7147081010673713
0.070009765625,2.070609782012428,0.0,883.0404919471879,0.38682246228669737,0.010179235836834423,6.231043915144853e-05,7.047659017226257e-06,0.1521694833486088,9.752789353648228e-05,0.04103940506083373,0.0004181407430570867,6.907823918352237e-05,6.729480061695672e-10,6.712219863891763e-07,4.957696806874878e-08,0.00041368025830093797,0.0011985459763970323,0.024274840942693967,0.005515642823194963,6.453385809822054e-06,0.001492154447775927,6.090476479011061e-05,0.0009670367406128685,7.927496191856692e-08,5.185658816171383e-06,0.046210115591679146,0.0001860463906753009,0.0009653312428635796,9.322036444338749e-07,0.00038581553029804833,5.801101718172383e-05,0.00015884938018246198,1.0095101778489392e-05,0.00012589159823571947,1.431931685151736e-06,0.7139200050462969
0.0700146484375,2.1497508721922705,0.0,915.7820661862343,0.37258196257984866,0.01036642973351743,8.31050982532233e-05,9.128920329959953e-06,0.1494806191721552,0.00011557334612142002,0.043186555505005296,0.0004435039433156206,7.07035582101892e-05,1.2682432294270197e-09,9.079529965856007e-07,6.760572537955778e-08,0.00047611085752556235,0.0012640704093205243,0.025916415180768267,0.005995367106667638,8.590215146825401e-06,0.0015473182911262698,5.666531934529148e-05,0.0010482961887887722,1.106680762883055e-07,6.968536099422601e-06,0.04479220803869974,0.00019442603092812338,0.0010072124170680205,1.2486538576774525e-06,0.0004002850907203789,6.956809958928877e-05,0.00017278714325434733,1.1133389368355036e-05,0.00013863054963794255,1.465089164924116e-06,0.7131345266209728
0.07001953124999999,2.230510599781818,0.0,949.1184234811687,0.3590919609380541,0.010552848168283136,0.00010905763768335776,1.1792161354672724e-05,0.14670530823910324,0.0001366641384109297,0.04537568436625179,0.00046812453085291945,7.204854367140634e-05,2.338946165627184e-09,1.2206195329825143e-06,9.142040108492753e-08,0.0005439817605834972,0.0013289378317876994,0.027619212871660154,0.006504403406856214,1.1335686088367252e-05,0.0015947750194817568,5.2056195843471266e-05,0.0011344537400414703,1.5439892895622567e-07,9.290635312451396e-06,0.043325308387568366,0.00019951221291194849,0.0010420065537125852,1.6602035194950858e-06,0.0004122152044571445,8.186515169421682e-05,0.00018717021190942153,1.223586010354957e-05,0.0001518911247469879,1.420444577994532e-06,0.7123532709337226
0.07002441406249998,2.3126823354189536,0.0,982.9588525759352,0.3463331042565356,0.010738351325185783,0.000140943868475601,1.5173129558727301e-05,0.14384817488216808,0.0001612358978278152,0.04760244036574855,0.0004914419275854583,7.305850713791466e-05,4.222694915046422e-09,1.6303228807145272e-06,1.2258813075040224e-07,0.0006167553003882361,0.0013923088063052542,0.029379984972761595,0.007043314789804145,1.4800797051381052e-05,0.0016335708253638211,4.7305223149333066e-05,0.001225624199721373,2.1529185222372508e-07,1.227887671235957e-05,0.041813591088064136,0.00020122380966187882,0.0010683414202481707,2.190242183728633e-06,0.0004214057348819181,9.452735848225107e-05,0.00020187890677700953,1.3410969081646788e-05,0.00016553039266697914,1.3017206324104381e-06,0.711577862236816
0.070029296875,2.3960709321745988,0.0,1017.2184414528651,0.3342799532118561,0.010922755551399467,0.0001795485468278639,1.9424364865859767e-05,0.14091462545863634,0.0001897463377308211,0.04986205159419747,0.0005128195027031018,7.367523502504515e-05,7.4641577845261e-09,2.162343411755178e-06,1.6298604139708385e-07,0.0006936806568404564,0.0014532608303128637,0.03119470469716987,0.007612573212672727,1.9084906856150756e-05,0.0016629633231625683,4.261012634994093e-05,0.0013219038107758205,2.9984994496405503e-07,1.607133863159333e-05,0.04026152762440473,0.0001996773732022709,0.0010850443848953294,2.8659766435814185e-06,0.0004277681132265175,0.00010708339616678169,0.00021677779421228952,1.4667562325904793e-05,0.0001793671598574206,1.1284804595872967e-06,0.7108099599968917
0.0700341796875,2.4804696616911044,0.0,1051.8084213436848,0.3229059865963966,0.011105820149551391,0.0002256326012491073,2.471274106702507e-05,0.13791087545335212,0.0002226643010295932,0.05214930011940641,0.0005315715531189781,7.383925690590529e-05,1.2917806738235388e-08,2.8461117450515994e-06,2.1481415042993867e-07,0.0007738108655365949,0.00151081087052395,0.03305852219355222,0.008212541104260224,2.426106850503729e-05,0.0016824538523557426,3.812121534151378e-05,0.0014233597592650323,4.165780645406153e-07,2.080752805865572e-05,0.03867385522335443,0.00019516692333045434,0.00109122543287471,3.718495806955112e-06,0.00043123840639088673,0.00011907889434271008,0.00023171938069909177,1.6013376171580234e-05,0.00019317809188860546,9.304985443651895e-07,0.7100512802217499
0.0700390625,2.565625833356816,0.0,1086.621733408492,0.3121883614833452,0.011287235423900156,0.0002799262696820459,3.121556930818687e-05,0.13484391810515828,0.0002604598284362623,0.054458529822494155,0.0005470023507245024,7.349320680542872e-05,2.18892149984337e-08,3.714830409508822e-06,2.805928525901703e-07,0.0008560277089444792,0.00156394446981834,0.034965758661508146,0.008843456233426951,3.0359899167442152e-05,0.0016918019178343334,3.393572177326125e-05,0.0015300155364865655,5.762118209411421e-07,2.6615317565867193e-05,0.037055548284627766,0.00018812949755028877,0.0010863446524306312,4.782793302847745e-06,0.00043189449204605857,0.00012998657584485686,0.0002465489877173863,1.745331202283703e-05,0.00020669556919891048,7.374469828702446e-07,0.7093035888209431
0.0700439453125,2.651278571112752,0.0,1121.5492466301566,0.3021027488768673,0.011466611299146438,0.000343101938082235,3.911768531630204e-05,0.13172145510178346,0.0003035957730051849,0.05678367004428615,0.0005584589103467106,7.258625440005908e-05,3.6333928545840144e-08,4.804724470880621e-06,3.6314064107007864e-07,0.0009390689064427388,0.0016116483466355486,0.036909932691620274,0.009505416720586185,3.735512535661652e-05,0.0016910234739040966,3.010195022853088e-05,0.0016418296804614875,7.917730692868983e-07,3.359264234994198e-05,0.03541181105560146,0.00017909783163994836,0.0010702556007831888,6.09767469612419e-06,0.0004298926792226176,0.00013929755843457086,0.00026111036997313026,1.8987769514897878e-05,0.0002196085054654308,5.696044621804025e-07,0.7085687088341448
0.07004882812499999,2.7371614422480843,0.0,1156.4809909681694,0.2926237922045767,0.011643466770122634,0.00041575554501847704,4.860969263135085e-05,0.12855180188752977,0.00035252262115308933,0.059118264715748506,0.0005653903575372932,7.107933465622144e-05,5.920419749128236e-08,6.154062731598072e-06,4.655694285442561e-07,0.0010215524368258869,0.0016529448354897316,0.038883814589430396,0.010198364074207333,4.5150376281570314e-05,0.0016803764899060087,2.6630552651498455e-05,0.001758665481274482,1.078606324455192e-06,4.178563872280867e-05,0.03374809103698687,0.0001686471601606737,0.0010432215306798393,7.705545479059942e-06,0.00042544668624227276,0.00014656554621950114,0.00027525146699451035,2.0611082336752708e-05,0.00023156764031310244,4.3461528635656986e-07,0.7078485248474319
0.07005859375,2.908841855488611,0.0,1226.0416459343407,0.27535308565395145,0.01198800476850343,0.0005907157936761463,7.290167397421856e-05,0.12209792389989707,0.0004688727474696402,0.06379589183691332,0.0005646747052946317,6.621960185796628e-05,1.4449529603212728e-07,9.738124225451978e-06,7.424630180613947e-07,0.0011804866447098362,0.0017138337614120472,0.042896730036329274,0.011675664010542002,6.256527137793916e-05,0.001631224158399635,2.0723756772797156e-05,0.002006453050546668,1.919168500661325e-06,6.168915913295612e-05,0.030377964684895904,0.00014521455386649597,0.0009586340448714229,1.1926770778727447e-05,0.0004100365162535045,0.00015402521825501594,0.00030186707318095147,2.408227288101828e-05,0.00025154146101056494,2.546764113089562e-07,0.7064573335997453
0.070068359375,3.078330328921179,0.0,1294.3713628979713,0.26019254143433496,0.012314437547520074,0.0008080507839356729,0.00010562044327035534,0.11556766784796205,0.0006128742900729688,0.06842754437671238,0.0005441402392894912,5.905130679981632e-05,3.2406287266587763e-07,1.4689442570546603e-05,1.1368635690133306e-06,0.0013200742240261113,0.0017405352823466115,0.046926589378606574,0.013267207271369352,8.08729018967588e-05,0.001551533268477906,1.5956118901562727e-05,0.0022679751090814693,3.2032499866400998e-06,8.507110776539581e-05,0.02700018887033793,0.00012188308022207934,0.0008435189102556221,1.7822141596564504e-05,0.0003880908101216502,0.0001513498053247996,0.0003254277586681778,2.7648552565290748e-05,0.0002635615437973787,1.5223260195734514e-07,0.7051458011774752
0.07007812499999999,3.2436649415944334,0.0,1360.7164899457334,0.24693012697529954,0.012615506971248245,0.0010685821950987013,0.00014832184899464616,0.1090336216994448,0.0007875957457879826,0.07295588206609731,0.0005064308374832847,5.010176699952331e-05,6.662789186632866e-07,2.1074024442691183e-05,1.6705219837116048e-06,0.001429162008651068,0.0017297502717833627,0.05090255999970472,0.014966159694338305,9.82074302182769e-05,0.001449156462251343,1.2116700439843544e-05,0.0025338682334772305,4.959119675536521e-06,0.00010935410733445267,0.02366581769062011,0.00010056128468609772,0.0007102940088279055,2.5725931186155306e-05,0.0003612198448251542,0.00013986024831405265,0.00034532896274834887,3.099549412897301e-05,0.0002653366501393892,9.272878106795438e-08,0.7039300191713691
0.070087890625,3.403078260781614,0.0,1424.4246618272498,0.23536296644146637,0.012883001421367906,0.0013711408495529188,0.00020288497335112045,0.1025653259305156,0.0009959641706313543,0.07732490194003064,0.00045655245306378987,4.0258824527157826e-05,1.260321212639555e-06,2.8759374579298697e-05,2.355430578300513e-06,0.0014985808887265078,0.0016810706787625197,0.054754867148822696,0.016763475689511836,0.00011304720912213594,0.0013329736407700593,9.051766869754464e-06,0.0027883919706331206,7.086800633636587e-06,0.000131091142435181,0.02042878560628724,8.185563422101258e-05,0.0005721797765912727,3.588580514140517e-05,0.0003307174937904151,0.00012238488306063,0.0003612271982013243,3.372745679329698e-05,0.00025588407125293574,5.709178818138314e-08,0.7028252523571742
0.07009765625,3.5550621833332365,0.0,1484.9647520087694,0.22530086593810209,0.013108585594995776,0.0017125043943506195,0.0002717188074190229,0.09622702299030123,0.0012405140362773414,0.0814827813972616,0.0004003393737154981,3.0561211259475125e-05,2.204128645680122e-06,3.740621898041303e-05,3.187718507383775e-06,0.0015227711828912631,0.0015970573053274719,0.05841858652240298,0.01864867854327769,0.00012454351481147895,0.0012116726841217968,6.647650502602019e-06,0.003009423822995522,9.348772521052295e-06,0.0001470080238308314,0.01734346754065325,6.566353806948613e-05,0.00044086026282190904,4.8364759658842036e-05,0.00029778983221104386,0.00010215329976746546,0.00037298034118671275,3.544596900881017e-05,0.00023594184571146406,3.525783687137556e-08,0.7018447334586776
0.07010742187499999,3.6983931578403184,0.0,1541.9288776088802,0.2165693435109442,0.01328476980780704,0.0020875012509823203,0.00035787738373358065,0.09007678538374143,0.0015228869518276807,0.08538435742560632,0.0003430764523965835,2.1925609247705902e-05,3.5828195548073467e-06,4.650197068323019e-05,4.142710595683068e-06,0.001500713408969789,0.0014829121345303535,0.061835646180408724,0.020610674884419873,0.0001324813510751749,0.0010925432144412452,4.805025196777709e-06,0.0031710469423982075,1.1423066091030064e-05,0.00015498853286708233,0.014461366017989592,5.170014432844371e-05,0.0003248846052486905,6.29223912778094e-05,0.0002637272678542182,8.190878297652298e-05,0.00038059455814526985,3.5841331855583816e-05,0.00020783646250320124,2.169699023911154e-08,0.7009985542342556
0.0701171875,3.8321187742820535,0.0,1595.0182225329283,0.20901193616954453,0.013405793753150102,0.0024893460046908665,0.00046504297821370555,0.0841664068701933,0.0018432652392661728,0.08899308070568782,0.0002886948932732306,1.4931389391104737e-05,5.439968156863402e-06,5.541209968146713e-05,5.172294152804391e-06,0.0014358660419970409,0.0013458137917163387,0.06495517708891739,0.022638344834461813,0.00013703176433506453,0.0009805928143607524,3.4268785258297074e-06,0.003248554371970722,1.2995014074379986e-05,0.0001545251776870934,0.011827395870529445,3.9754391291000224e-05,0.00022901965568487723,7.890517652216387e-05,0.0002298682916026693,6.349114235777512e-05,0.00038419542887328784,3.476654267290681e-05,0.00017487993212126132,1.3230355459790306e-08,0.7002927963640854
0.070126953125,3.9555220873920907,0.0,1644.0206994163038,0.20249123385916157,0.013468246091658585,0.0029101848309917504,0.0005973802804352512,0.07854134146222254,0.0021999491989797525,0.09228234402136966,0.0002395743672121743,9.748074611865015e-06,7.747140890974757e-06,6.343304515041139e-05,6.2054938384188536e-06,0.0013352347604614165,0.0011940405035505825,0.06773305711585688,0.024720794083553228,0.0001384874748968029,0.0008782327429798452,2.418858732283276e-06,0.003224350221636161,1.3842975260406832e-05,0.0001465450993760864,0.009476295630350797,2.9720210048535968e-05,0.00015448007646808832,9.51940525938959e-05,0.00019741621708416622,4.783060360221473e-05,0.0003840172154090109,3.227412664592012e-05,0.00014059129889553687,7.956378908555112e-09,0.699729014768858
0.07013671875,4.068085751589165,0.0,1688.7904735804586,0.19688831006926755,0.013471351946586076,0.0033417468082192737,0.0007592535763544189,0.07324024204695428,0.0025892178178610024,0.09523611620264477,0.0001967584659965267,6.2086682828811035e-06,1.0380202927523877e-05,6.984934999127125e-05,7.153112846510719e-06,0.0012079826395835318,0.0010360356471961906,0.07013164532932106,0.026847319334850586,0.0001370971929310093,0.0007855646324006161,1.6946857598048445e-06,0.003092680721793067,1.3884582754638019e-05,0.00013287223109270825,0.007429774055862122,2.152871117043669e-05,9.976280537849191e-05,0.00011026057143603668,0.00016725967077698908,3.516396010764741e-05,0.0003803962272817113,2.8611300767609746e-05,0.00010802892176459587,4.699940340072949e-09,0.6993041538791662
0.070146484375,4.1694730715218205,0.0,1729.236827102633,0.1921006548962428,0.013416967809451267,0.0037759768064513505,0.0009547641938612244,0.0682940499479469,0.003005503211274744,0.09784886038245019,0.00016034853612768363,3.962178219794398e-06,1.3113423422191851e-05,7.40081568394897e-05,7.917300426257584e-06,0.001064028168723877,0.0008795670793968522,0.07212039417230888,0.029007229975490958,0.00013302309348238542,0.0007010959297331552,1.1810371616785467e-06,0.0028616133989101712,1.317655751355291e-05,0.00011565209354238134,0.005694959290350209,1.5077337605836795e-05,6.173240924063801e-05,0.00012236142698688414,0.00013990154125734968,2.5302124266823214e-05,0.00037375728104323687,2.4176220716855793e-05,7.937882831601908e-05,2.7178199766122466e-09,0.6990109173696613
0.07015625,4.25953257306285,0.0,1765.3250932791166,0.18803905622365097,0.013309377111278999,0.004205559651313281,0.0011870667041114663,0.06372489671335883,0.0034418088361056606,0.10012478740831614,0.00012990044546099132,2.622404007898532e-06,1.5641549184400567e-05,7.541661499178624e-05,8.4062219402137e-06,0.0009129261367112054,0.0007310945346044672,0.07367751550241683,0.03118966949525145,0.00012639103816957617,0.0006226273420336351,8.196112336601561e-07,0.0025517383658777617,1.1880588370422307e-05,9.692514237541284e-05,0.004264481485070439,1.0196931356012776e-05,3.664196301059721e-05,0.0001298570113305013,0.00011550856176133652,1.7851994747678366e-05,0.00036458921611037283,1.9442430346947003e-05,5.5818115720535666e-05,1.5340340854832092e-09,0.6988385393393974
0.070166015625,4.338321864440607,0.0,1797.087654543818,0.18462402902137576,0.013154972691421365,0.004624293894245092,0.001457496810781901,0.059545199970138,0.003890245393143565,0.1020765716349453,0.00010473235472425149,1.862166713758233e-06,1.763289969577046e-05,7.38474701366167e-05,8.552092786544585e-06,0.0007631200684153041,0.000595402940224219,0.07479237639456886,0.033383528969052015,0.0001173840477632343,0.0005480810357887694,5.664567356790255e-07,0.002192119080393508,1.0213617373353375e-05,7.838180525563333e-05,0.0031181680249722657,6.657926662411882e-06,2.0891302222838305e-05,0.00013158490433104957,9.403022752467998e-05,1.2363030936949808e-05,0.0003534116609363073,1.4867242504792899e-05,3.760429339787079e-05,8.430999705422846e-10,0.6987738387491083
0.07017578125,4.406138248183211,0.0,1824.639379227306,0.18178241213465673,0.012961869813191123,0.005027308040234653,0.0017646761039964722,0.05575728756445142,0.004342564270336423,0.10372370894461544,8.411888958438296e-05,1.4466025965748524e-06,1.8803580005681967e-05,6.941832570242887e-05,8.328148767438575e-06,0.0006215073940646369,0.0004755018034750791,0.07546793015113608,0.035577486527389325,0.0001063299634793938,0.0004761085824624112,3.896714884570183e-07,0.0018147418931867007,8.398349798810013e-06,6.125912271330143e-05,0.002226006338866611,4.199249879615662e-06,1.146059463448762e-05,0.00012717479157204196,7.532189570203077e-05,8.40742648993138e-06,0.00034073880857693776,1.0808994820676133e-05,2.4310040006043355e-05,4.5033907027912875e-10,0.6988023876664363
0.070185546875,4.463539366919503,0.0,1848.1899785651046,0.17944468536991098,0.01273945027497145,0.00541112637251408,0.0021038807057138995,0.05235374037856809,0.004790623537594455,0.10509070897303165,6.738718827046532e-05,1.2260618454141512e-06,1.898979002201979e-05,6.260485490207086e-05,7.758338420715824e-06,0.0004932140289389185,0.0003727464641477867,0.07572231911020066,0.037760164256713066,9.374447794522928e-05,0.00040638818256330186,2.6660468949230347e-07,0.0014489887504483933,6.624733895469457e-06,4.633004319987761e-05,0.0015518285510234106,2.5618981148878063e-06,6.0613934165191956e-06,0.00011718433508415333,5.922714120212716e-05,5.615186659864647e-06,0.0003270467266374417,7.477850808281977e-06,1.5112523020313638e-05,2.335145730655089e-10,0.698909601031922
0.0701953125,4.51133838354494,0.0,1868.0461653796963,0.1775434094284247,0.012497822141519158,0.0057735954594886054,0.002466980497232432,0.049318471697006906,0.005226784286151327,0.10620528947705803,5.3946443385565874e-05,1.1130620114144925e-06,1.819071323071263e-05,5.416594657856761e-05,6.9146317173276e-06,0.0003815114570005825,0.0002871124122662913,0.07558887884609328,0.03992037015859066,8.030908451499604e-05,0.0003395887154188505,1.8130434803750015e-07,0.0011174728128627686,5.0278212943458045e-06,3.395029258502804e-05,0.0010571140192964289,1.5152667732521443e-06,3.0978554486359513e-06,0.00010298584672822537,4.5605906615817916e-05,3.683540180349192e-06,0.00031274938043240105,4.931502788247607e-06,9.057568134462e-06,1.1751434008655617e-10,0.6990815817357331
0.070205078125,4.550565133429208,0.0,1884.5994150758993,0.17601294720242733,0.01224719963974309,0.006113690257976261,0.002843116814357598,0.04662840752794525,0.005644263364136462,0.10709670037899006,4.3282713099019026e-05,1.0592065676845281e-06,1.656414090895943e-05,4.499440642376638e-05,5.901342236766741e-06,0.0002878680721479906,0.00021754810798123487,0.07511414613383388,0.04204738233939947,6.678812923491588e-05,0.0002770537330571372,1.225215100799863e-07,0.0008340128412660923,3.682371900423795e-06,2.4140078046577548e-05,0.0007043658514021406,8.716524852927316e-07,1.5338731649466723e-06,8.64307335141156e-05,3.432128170945878e-05,2.3738512642424074e-06,0.00029818598525875405,3.1084373015224824e-06,5.249070834815553e-06,5.7439854342100444e-11,0.699305635084862
0.07021484375,4.582395509355214,0.0,1898.2998301627997,0.17479031754034527,0.011997250336679656,0.006431236613775106,0.003220026347492013,0.044255528668320346,0.006037450820572947,0.1077942675395244,3.494279039865027e-05,1.0382789310140927e-06,1.4377217836322836e-05,3.594094144332447e-05,4.831587629588587e-06,0.0002121525164039285,0.00016234000536960566,0.0743540383877681,0.044131231133720375,5.3912622218687484e-05,0.00022033129744773882,8.2287962307787e-08,0.0006037850426022524,2.6104976136373575e-06,1.6683095634824186e-05,0.0004596656121853233,4.896687089826326e-07,7.378342590447337e-07,6.941360057044169e-05,2.5210556615341256e-05,1.5034919812239165e-06,0.0002836194408672376,1.8789007347547888e-06,2.9504986966499973e-06,2.7320522674243767e-11,0.6995704723387157
0.070224609375,4.608061927777417,0.0,1909.6212939940808,0.17381675138431765,0.011756493999205968,0.0067266067696596455,0.003585666301035113,0.042168997054548005,0.006402161558273043,0.10832621782016226,2.8520673196702855e-05,1.035843167399798e-06,1.1933767622381435e-05,2.767001726233337e-05,3.804347226579975e-06,0.00015298272563560016,0.00011944014093286607,0.07336892413425401,0.04616294068864937,4.227037100717704e-05,0.00017071282423807398,5.494689462374943e-08,0.0004250658227034824,1.7964684492721014e-06,1.12264934180648e-05,0.0002942154646501606,2.698998947602243e-07,3.457561506570761e-07,5.349261007334345e-05,1.8064251071931937e-05,9.363521719716384e-07,0.0002692433123157309,1.093037246099086e-06,1.6133844282541786e-06,1.267927778060919e-11,0.6998662031517756
0.070234375,4.628763501277631,0.0,1919.0257334607331,0.17303937540929187,0.01153184503464128,0.007000450534699938,0.003929689199923845,0.040337114865526304,0.0067357683694543175,0.10871882143537406,2.365127554990962e-05,1.0435543110170247e-06,9.506498693672488e-06,2.0587454143859513e-05,2.8894267882672694e-06,0.00010816587266386437,8.672657510349083e-05,0.07221860605299839,0.048134703230081545,3.22366140853198e-05,0.00012892041879113773,3.649261426010502e-08,0.0002916880530508921,1.202895919976628e-06,7.3672388051709825e-06,0.0001848933684423672,1.4661020153120787e-07,1.5814598036439228e-07,3.967794156544355e-05,1.2625054058681616e-05,5.735876916274157e-07,0.00025519371928239875,6.138735515355348e-07,8.60020105164218e-07,5.758036566436603e-12,0.7001842365801424
0.070244140625,4.6455931961960975,0.0,1926.9338577144867,0.17241250021488103,0.01132836215730487,0.007253508654479579,0.00424440345714974,0.03872893842032488,0.007037177260212891,0.10899585800106629,2.0010054112112807e-05,1.0562862380098338e-06,7.2951541026307005e-06,1.484559861349076e-05,2.1232141123225262e-06,7.514247468810536e-05,6.218586067239325e-05,0.07095816647613248,0.05003997384052542,2.3960878889262482e-05,9.500770038492925e-05,2.4106485190601356e-08,0.00019541381563947826,7.843020793906401e-07,4.715214021749884e-06,0.00011401751579165083,7.859666153519467e-08,7.035252460870742e-08,2.841206760479954e-05,8.605339728052398e-06,3.4522990190597653e-07,0.00024156267256943343,3.328062946256023e-07,4.461457720063215e-07,2.5608684072168775e-12,0.7005171763433553
0.07025390625,4.659492096064715,0.0,1933.7067608330856,0.1718982060293644,0.011149218685944453,0.007486523636842425,0.004525068379146779,0.03731546554143949,0.0073066463109445695,0.10917838028260896,1.731394223839002e-05,1.0707431316183862e-06,5.418045861161482e-06,1.0404838009942354e-05,1.513809110522861e-06,5.1354783670830116e-05,4.402138973754918e-05,0.06963524365203998,0.05187348736929109,1.740678419043319e-05,6.845519104969564e-05,1.5812810188122642e-08,0.0001277363329881508,4.965807987683711e-07,2.9311634778241524e-06,6.859799114528392e-05,4.106751766907194e-08,2.9286718998753875e-08,1.9693142466639007e-05,5.714045445547743e-06,2.0281573258892199e-07,0.00022841043316794614,1.7172376620390654e-07,2.210386029696265e-07,1.1045484880062536e-12,0.7008587451789987
0.07027343750000001,4.680829658423675,0.0,1944.7369376131046,0.17111460648818874,0.010868126159828122,0.007894793726644804,0.004978169768500019,0.0349927618279706,0.00775390722520375,0.10931514041458845,1.401223912965816e-05,1.0984155125271762e-06,2.843144960852308e-06,4.991570272939836e-06,7.510702027214424e-07,2.453885400918959e-05,2.2203730381064173e-05,0.06691823477411263,0.05531418372456561,9.0553146782261e-06,3.47806196774116e-05,7.147907771026109e-09,5.501032870584654e-05,2.0449595036316438e-07,1.1730491817258764e-06,2.6190492422005852e-05,1.3018246355025841e-08,6.438803088723217e-09,9.148003808349846e-06,2.5088316600360956e-06,7.418721040813173e-08,0.0002036510379863766,5.063723791383826e-08,6.204911635878804e-08,2.360825425999689e-13,0.7015523077012887
0.07029296875,4.697647135252126,0.0,1953.9584529065987,0.17050201880497212,0.010682851387936378,0.00823167267152725,0.005304924536981385,0.033151659133382215,0.008100914136728643,0.10926552987608196,1.2191687381948247e-05,1.1172220066584371e-06,1.3966769002423382e-06,2.2817310530603397e-06,3.545834781850401e-07,1.1779369857756208e-05,1.088915861247495e-05,0.06429820607676716,0.05845195193155057,4.607573750966192e-06,1.7024047853472356e-05,3.294046859031039e-09,2.2583337675454398e-05,8.006480374450745e-08,4.474250344395737e-07,9.650146859088408e-06,4.151420200472951e-09,1.379240368013783e-09,3.962473055689506e-06,1.0383369993739798e-06,2.6256960392126215e-08,0.00018095420517718464,1.4168692181663153e-08,1.6668212774280932e-08,5.107924865901268e-14,0.7022318662899208
0.0703125,4.7120458119664965,0.0,1962.1393887732124,0.16998101216501027,0.01057604910154551,0.008503530063635844,0.005531545162578141,0.031668016379548365,0.00836924508677992,0.10910771923202137,1.1120675040671112e-05,1.126086441669798e-06,6.386647660128759e-07,9.859158623385507e-07,1.5897683345492648e-07,5.766836865995032e-06,5.097871701756869e-06,0.06186911032626039,0.06128580943810792,2.348743533203481e-06,8.084140744822883e-06,1.5557976104771857e-09,8.469159134682399e-06,2.815562854925722e-08,1.5363007071999613e-07,3.2297739281906894e-06,1.2371071367675289e-09,2.576172444037919e-10,1.5459710421181174e-06,3.885752632957132e-07,8.506756245698774e-09,0.00016032411615362637,3.4253233661205955e-09,3.878103934868907e-09,1.0203594931945394e-14,0.7028794890557957
0.07035156249999999,4.736926963680471,0.0,1976.5625351220085,0.1690881698735409,0.010536639639867713,0.008874407980863523,0.005763583921102949,0.029498566123677985,0.008728252774476955,0.10863414245565226,1.0013315438600762e-05,1.1187074646863368e-06,1.913951340265316e-07,2.810824933233694e-07,4.9500075027911774e-08,2.304861093878973e-06,1.4179839440661156e-06,0.05770010622342271,0.06606665198062718,9.844668002835995e-07,2.7454691649076934e-06,5.887889881299084e-10,1.6343137372751052e-06,5.043681084438229e-09,2.6673206418619627e-08,5.456085966259564e-07,1.9092789054142512e-10,2.4431422012576945e-11,3.0866053703657944e-07,7.39015056489773e-08,1.4272719906125946e-09,0.00012514267773842776,3.9125980771943196e-10,4.193745514859728e-10,9.18608469017851e-16,0.7040508021976419
0.070390625,4.759336941142904,0.0,1989.4367308407636,0.16829199449338225,0.010592548534582493,0.00907864272756285,0.005847731105470713,0.027931598516719093,0.008956801075736223,0.10817939405511641,9.319172914339304e-06,1.0943534861338976e-06,7.822076968079943e-08,1.1420961588132047e-07,2.2240296724338386e-08,1.3285535375253828e-06,4.223513366667752e-07,0.05434873873181784,0.06989713800268077,5.943739525478021e-07,1.3205530975826205e-06,3.269267966050398e-10,2.656496645807086e-07,7.452640017062481e-10,3.849500572783231e-09,7.7516603279559e-08,2.7706292806816317e-11,2.905815461038231e-12,5.139880151507191e-08,1.2021220045253084e-08,2.654076252669277e-10,9.668335808535871e-05,3.699813955283743e-11,3.7332486768276754e-11,7.555420926233322e-17,0.70505601798489
0.07046875,4.799320084399746,0.0,2011.5313289248693,0.1668899520859156,0.010756034282351475,0.009137510313754756,0.0057940366579904996,0.02592589724079932,0.009189395167661698,0.10761414010662154,8.411828968453881e-06,1.0264719213422855e-06,4.125506918953844e-08,5.9949976193884e-08,1.2295745505460199e-08,8.021006212577045e-07,1.305953175176366e-07,0.0497278928782007,0.07517340007859166,3.811026078183488e-07,7.151713907571579e-07,1.9507908568522732e-10,2.024210503170518e-08,5.0548496694836814e-11,2.561152303349577e-10,5.117741227253954e-09,3.583192197522595e-12,5.003265137945467e-13,4.14733681025757e-09,1.1570539307104884e-09,7.343332953510399e-11,5.750612298163852e-05,1.622799344223376e-12,1.480328081345135e-12,2.5998161430854527e-18,0.7066125751328289
0.070546875,4.834834869774687,0.0,2030.3959286466122,0.16566404320195735,0.010830625930518735,0.008969144660063284,0.005643702852229615,0.02460764780841797,0.009296599980521637,0.10748128063729125,7.761623852225517e-06,9.583153172132113e-07,2.6688335089927488e-08,3.8829454083875336e-08,7.920941940762344e-09,5.163954618165125e-07,6.88793820221761e-08,0.046721050048850944,0.07862222184531789,2.64133903744498e-07,4.4435683233659955e-07,1.2656923414750879e-10,1.5586955639233219e-09,3.4549341063299213e-12,1.7454282903394477e-11,3.480136314578657e-10,1.4391079696387235e-12,1.7819924970763372e-13,4.2379523653159816e-10,2.643533639297955e-10,4.290268675535687e-11,3.306034315572333e-05,7.20323923666979e-14,5.863049380023984e-14,6.453123729202291e-20,0.7077845759631655
0.070625,4.866720293977423,0.0,2046.811154902482,0.16457865650855752,0.010816303813148558,0.00869357953782252,0.005461887726178729,0.023672199560993597,0.00933978354882944,0.1076425785853621,7.259974956802604e-06,8.959344701128485e-07,1.6910989231343943e-08,2.4878656853938116e-08,4.983065491209442e-09,3.224889638522626e-07,4.098472089911983e-08,0.04471714646110778,0.0809289153408205,1.8553211922645225e-07,2.7207837830714307e-07,8.010334977338786e-11,1.0722985841417363e-10,2.4222908136858777e-13,1.260746440541948e-12,2.4368800840366667e-11,8.250320956602811e-13,7.013603455142105e-14,9.194563759860659e-11,1.3146033856995048e-10,2.7018114456574977e-11,1.832028832469721e-05,2.8449053669717176e-15,2.056803763837635e-15,3.4361190340035735e-20,0.7087002609065621
0.07078124999999999,4.92107352419734,0.0,2073.8892924931533,0.16276088474832032,0.010605513242779993,0.00802127932912565,0.0050830619057688625,0.022463191671737114,0.009320022394676997,0.1084600381559317,6.528226896682411e-06,7.905558780828525e-07,7.1494374545436374e-09,1.097902731855779e-08,2.104845726382366e-09,1.3551734463422795e-07,1.6766133804944815e-08,0.042495934628460304,0.0834993869878167,1.0835073976501638e-07,1.1100681892495906e-07,3.468781488463817e-11,5.032534979639707e-12,2.179245850716459e-14,1.2708769342045142e-13,2.319681605196758e-12,3.256231822326375e-13,1.4686896656006952e-14,3.2425110970049716e-11,5.687474738165946e-11,1.167956716383635e-11,6.236617603140068e-06,7.872212744972501e-17,4.781710924395058e-17,1.8191684268246483e-20,0.7100376242654683
0.0709375,4.966975349913512,0.0,2096.451363526021,0.16125674462594444,0.010318254684355517,0.007373137830502124,0.004733658182054148,0.0215952216928186,0.009245200456887906,0.10941777400070282,5.968363123803669e-06,7.051568543405862e-07,2.6383269517727376e-09,4.252783638784294e-09,7.803254966921906e-10,5.028062708337743e-08,6.203028926249625e-09,0.041121316078466114,0.08510512295078895,7.198210430921676e-08,4.0369484968895774e-08,1.3231564629035436e-11,7.177872826849496e-13,5.281649381474784e-15,3.31253847533908e-14,6.226868014660199e-13,1.1349288109208758e-13,3.049089331489976e-15,1.271163147569126e-11,2.2746501225446963e-11,4.403115441777613e-12,1.923269838823545e-06,-1.3273747983092434e-17,-7.522272972634615e-18,-1.0111836186534574e-20,0.7110815407723372
0.07125000000000001,5.037985256306437,0.0,2131.315876075817,0.1589838455153247,0.009726469883289835,0.006306884049124623,0.004160333305634258,0.020362840212256636,0.009033952979558854,0.1111832773580701,5.157194262675055e-06,5.802270445557641e-07,5.265106127057703e-10,9.327250398638262e-10,1.587944963113406e-10,1.0331236950293573e-08,1.285051704577444e-09,0.03936816613366587,0.087169697976341,4.8391414604924374e-08,8.083067933285259e-09,2.8334913844442178e-12,1.3567775011069114e-13,8.623442383864583e-16,5.815811468320223e-15,1.196449521104596e-13,2.078988175492064e-14,3.7480071965731736e-16,2.9903372840074674e-12,5.3956310053817375e-12,9.174307651365517e-13,2.953745999721355e-07,4.5620885511912e-19,1.8678859614193982e-19,3.069566481633967e-22,0.7126822755849301
0.0715625,5.093911021574017,0.0,2158.911761790155,0.15723836991671186,0.009205166260087019,0.005496440102629036,0.0037103317392098456,0.01938310387066109,0.008807916705132032,0.11265045218066148,4.55232081097232e-06,4.907616192422949e-07,9.042488326927588e-11,1.7393767156348459e-10,2.7811798116706783e-11,1.829958925135274e-09,2.3556609346313334e-10,0.03798216666780769,0.08879725260964852,3.822442237181637e-08,1.482607747264861e-09,5.16625703145541e-13,2.5855050220527705e-14,1.3039248361242925e-16,9.30745047696561e-16,2.074041826616158e-14,3.2730533115369097e-15,5.0103842710918586e-17,5.987341589433433e-13,1.0876490729789453e-12,1.6153108861831975e-13,4.113612202080635e-08,-5.60177301260637e-18,-2.0407123540032978e-18,-2.3618873224363903e-21,0.7139620435784662
0.07187500000000001,5.139142170040518,0.0,2181.3678872503156,0.15585446670989214,0.008759713374608544,0.004873372542890803,0.0033530844431014146,0.018563131727177797,0.008588411842247257,0.11385721242391657,4.084621621947569e-06,4.245253270987299e-07,1.3140050253298456e-11,2.7159440593763397e-11,4.123410319546185e-12,2.744329439865371e-10,3.6860238383027486e-11,0.03679068696732604,0.09018786822039677,3.213124673275613e-08,3.0356209030167824e-10,7.905570311490635e-14,4.255004476480106e-15,1.835272461311584e-17,1.2929899531754196e-16,3.080800735491034e-15,4.3968296045180134e-16,8.407048233505875e-18,9.975279103730455e-14,1.8223809676713295e-13,2.3860936785644723e-14,5.0495931018645245e-09,5.541704532909566e-18,1.7157980038591578e-18,1.9655103716429206e-21,0.7150219714708749
0.07250000000000001,5.2046510800685075,0.0,2214.2408792195097,0.15389278665180356,0.008074859633248027,0.004023107754572244,0.0028475897694464664,0.017308281301813902,0.008206597106770571,0.11561562765257632,3.44101059539492e-06,3.378905262706914e-07,9.293757352223697e-13,2.1538865707185433e-12,3.0332365243344157e-13,2.0628003535207407e-11,2.958591590168063e-12,0.034870187463368854,0.09240862891388775,2.4685980770877995e-08,1.0607575642958206e-10,6.097116892954331e-15,3.7752909490945233e-16,1.5845687229946017e-18,8.865683829458895e-18,2.314512157950127e-16,2.783228395210022e-17,1.3138158564477519e-18,8.72310770960453e-15,1.597216799211926e-14,1.7339577953038541e-15,2.829392070227892e-10,3.6295873441635075e-18,8.557337170002422e-19,9.509860656635197e-22,0.716641316401192
0.07312500000000001,5.254022820334558,0.0,2239.194797437492,0.1524466647007763,0.0075434364642318,0.0034373958126010943,0.0024849653440438004,0.01631303805068739,0.007874617757006796,0.1169404278269584,2.992791909578749e-06,2.80543360196865e-07,5.783159548886875e-14,1.4645656443330825e-13,1.944498532187914e-14,1.346737902825072e-12,2.0990305446379757e-13,0.033291055331947796,0.09421974161985233,1.9884568595071294e-08,8.436434601316676e-11,4.2699180046413655e-16,-3.490906414970269e-17,-9.93195691188032e-19,-8.814026711158402e-19,-1.1736679103085862e-17,1.9994692633749635e-19,-1.902868843121583e-18,6.288057348516935e-16,1.1732820235900534e-15,1.0672242052374718e-16,1.451306578155757e-11,-8.848094488622082e-18,-1.661902994051265e-18,-1.888583514632856e-21,0.7178920284721723
0.07375000000000001,5.292612892561204,0.0,2258.809864285263,0.15133512859240505,0.007120078731082288,0.003012971597823703,0.0022139619966636344,0.015503498044555008,0.007588051956748346,0.11797464334106159,2.6671520353806967e-06,2.4031423031461223e-07,3.359268677403568e-15,8.698478269080057e-15,1.0913196170297163e-15,7.62992277066016e-14,1.2883208854956479e-14,0.031973838011480536,0.09572216141919351,1.6582109373256143e-08,7.710266326568054e-11,4.489990849715127e-17,1.2227130152516754e-17,1.8351343024532284e-19,2.41057819803597e-19,5.148949996120143e-18,2.8513903054280145e-19,3.269237329158905e-19,4.472301670838574e-17,7.700864560954675e-17,5.911145434363955e-18,6.714088532761759e-13,1.6376219312760238e-18,2.593527311650445e-19,3.0291503777359955e-22,0.7188878707751398
0.07500000000000001,5.345640808594125,0.0,2285.982316310796,0.14983390725059592,0.006522077850249872,0.0024738583201826684,0.0018589744405271666,0.014339130355892052,0.007150799811102281,0.11939060650277326,2.255994755887667e-06,1.9109569734205657e-07,3.040825857910705e-16,4.427619474131259e-16,4.2117187573516396e-17,2.4856917338234846e-15,4.555284556660677e-16,0.030018739243908958,0.09793774145645477,1.2632946279203623e-08,6.812588943408235e-11,1.634269980103385e-17,1.3948516800923868e-17,1.9137072790443661e-19,2.249653084766116e-19,5.168155912014706e-18,2.156526113146731e-19,3.301666582949903e-19,6.633856983560794e-18,5.668465089756741e-18,3.0119370349149705e-19,1.4209457297004736e-14,2.0593646447488498e-18,2.39561338411222e-19,2.826496923327286e-22,0.7203056122273657
0.07625000000000001,5.384000328238142,0.0,2305.740342441007,0.1487663813904244,0.00608490144452003,0.002119977907025414,0.0016183422028157497,0.013463751935980548,0.006806537683184653,0.12041109218096499,1.988929665182525e-06,1.599407764706448e-07,1.9410252372773482e-16,1.8825227667294608e-16,1.2535541404734903e-17,4.0349085034770703e-16,6.616478605711732e-17,0.028519827157318243,0.09962761294352192,1.0213435246897198e-08,6.172741172947258e-11,1.1848320040293474e-17,-1.3744098387007808e-17,-1.728546070971524e-19,-1.9371952948908537e-19,-4.851255779233509e-18,-1.8559552260538539e-19,-2.9011006884704056e-19,-2.956792737196738e-18,-1.6758669347578443e-18,-1.3298798546175364e-19,2.756899695770703e-16,-2.083629648621083e-18,-1.9581680072335194e-19,-2.371252510418843e-22,0.7213457973990628
0.07750000000000001,5.412872676853858,0.0,2320.668658222638,0.14797285870405863,0.005753976615240974,0.0018734795380204066,0.0014467597848583844,0.012785860941448079,0.006531983091822757,0.12117672955030181,1.8051726899496396e-06,1.3883230410086725e-07,1.7126883105112322e-16,1.765483162193015e-16,1.171780443110098e-17,3.6960187550345467e-16,6.613276553240943e-17,0.027343761590498682,0.10094900724445016,8.620224063296439e-09,5.698637173990764e-11,9.617955547109857e-18,8.055693072396619e-18,9.337412091682473e-20,1.0074833595648386e-19,2.7180008816870517e-18,9.668273138684873e-20,1.532030057806675e-19,3.609914133659049e-18,2.180235710696778e-18,7.254107621746555e-20,7.984935590632874e-18,1.2306073908930392e-18,9.723060617251137e-20,1.2097917045070189e-22,0.7221364889611535
0.08000000000000002,5.4499837124743,0.0,2339.9590806352544,0.14696525390275142,0.005323718206294441,0.0015798179795818734,0.0012378386409118787,0.01188728692373006,0.006157371433396567,0.12215608255925073,1.5898347540978294e-06,1.1441218055088378e-07,1.4234258988355815e-16,1.5989620584463656e-16,1.0692446003745177e-17,3.5584846300726787e-16,6.666717078285613e-17,0.02575876223048687,0.10272305980107997,6.832665457085285e-09,5.098702153833293e-11,7.118191296971337e-18,-3.556191929310275e-18,-3.6820506776206235e-20,-3.764942401361924e-20,-1.1242107097553414e-18,-3.599466764299553e-20,-5.782458496201129e-20,9.592553791517063e-20,1.3506272481904401e-19,-2.7592252250318104e-20,-9.50325480180213e-19,-5.475967471364603e-19,-3.415804378822608e-20,-4.382520764610981e-23,0.7231743510946799
0.08500000000000002,5.488430145137478,0.0,2360.0395848142134,0.14593576193478877,0.0048757581367114755,0.0013044066841191935,0.0010368620820334067,0.01092603741298019,0.005745590539037839,0.12316457971256506,1.3918292875958049e-06,9.225997760848298e-08,1.154187050130783e-16,1.4461136394379943e-16,9.831964413728388e-18,3.5368867117299315e-16,7.352906183580148e-17,0.02403882717846742,0.10464051052519727,5.2787877371999175e-09,4.499607527878541e-11,5.158124390816892e-18,1.5160542876558681e-18,1.3585836412917218e-20,1.3056448964325454e-20,4.348500520611022e-19,1.2424003977674996e-20,2.0238103400372445e-20,1.5681603928370361e-18,9.557866414266218e-19,9.761094046500345e-21,3.2856327320387924e-19,2.312817918123156e-19,1.1151354664652585e-20,1.4756207606569036e-23,0.7242659383158385
0.09000000000000001,5.509792568133274,0.0,2371.2313732870034,0.14536994298493036,0.004627032596012766,0.0011642550299661007,0.0009325022882211176,0.010379204060264739,0.0055071535911096975,0.1237222645756407,1.2925165936246631e-06,8.128408830283878e-08,1.0135612344672774e-16,1.3493896546757844e-16,9.24411949284515e-18,3.4756697973091506e-16,7.598919877424856e-17,0.023051996311860255,0.10573769763024923,4.538935149613572e-09,4.1807720348535e-11,4.265550654153424e-18,-5.116167440169488e-19,-4.463066525492391e-21,-4.126255731300937e-21,-1.4643084827144705e-19,-3.9241671458280676e-21,-6.4298163272911846e-21,9.478654826311316e-19,6.140240081605178e-19,-3.117559603769962e-21,-1.0053277628906357e-19,-8.233616696660118e-20,-3.4243749774455975e-21,-4.607003033007235e-24,0.7248765155352499
0.1,5.52727719418053,0.0,2380.4136982318423,0.14491008852984658,0.004423381414258199,0.0010561541344076381,0.0008509916210204282,0.009924312611772693,0.005306772920583334,0.12417678644558217,1.2164653474132245e-06,7.296801009772251e-08,9.063618779809188e-17,1.2732952510341668e-16,8.785803191260536e-18,3.4385047022326896e-16,7.891936147542085e-17,0.022225770687134487,0.10665453914730981,3.993715548656492e-09,3.928003514638113e-11,3.640765460948122e-18,2.1219406235713577e-19,1.558279688068789e-21,1.3881897953477788e-21,5.2024439456195516e-20,1.3164510098513148e-21,2.1688701629613337e-21,1.1263504879585684e-18,7.070771750812193e-19,1.0655172308603522e-21,3.3436322694960456e-20,3.0691569462649005e-20,1.1279081433085449e-21,1.5355703042241382e-24,0.7253799975515774
0.11,5.534704120667536,0.0,2384.318422375348,0.1447156357258377,0.004337044687463727,0.001012086013431478,0.0008174908093934103,0.00972925488044246,0.005220385137779486,0.12436939131163639,1.1855518787246295e-06,6.961584981467453e-08,8.625794745037539e-17,1.239928180483732e-16,8.580265684496267e-18,3.4166705974570125e-16,8.000456765198659e-17,0.02187047396054926,0.1070483933511783,3.778179181092952e-09,3.823321232434352e-11,3.398509051486057e-18,-1.2721756128963768e-19,-1.1031024760371663e-21,-9.769527136668362e-22,-3.7400917378743864e-20,-9.24977801862564e-22,-1.5208778743978802e-21,1.01664962914339e-18,6.478006117787016e-19,-7.476158636377503e-22,-2.3291829204973825e-20,-2.225995915180343e-20,-7.809020768110901e-22,-1.074537806990513e-24,0.725594220863984
0.12,5.5379114934438025,0.0,2386.0059431514223,0.14463182107067965,0.004299751545546925,0.000993377305360063,0.0008032215855359521,0.009644635893953937,0.005182816072878888,0.12445244726250028,1.1724389866229599e-06,6.819987115897559e-08,8.441597380045144e-17,1.2259847418060778e-16,8.49519505977169e-18,3.4092329373638083e-16,8.057710174924395e-17,0.02171604735115638,0.10721948352098586,3.6878839078227793e-09,3.778572011168436e-11,3.2989551015195737e-18,1.8416911403177778e-20,2.5922686108852485e-23,1.408948082730978e-23,5.203141090813414e-22,1.3800610671434108e-23,2.1348395836502654e-23,1.050992574983676e-18,6.653647759210399e-19,1.5316318183730536e-23,2.875348063672342e-22,2.6496271504185174e-22,1.0482402320935301e-23,1.6005040452362988e-26,0.7256869750975539
0.14,5.539692847078153,0.0,2386.943729587381,0.14458531285689238,0.004279015392077729,0.000983061939424035,0.0007953429598206032,0.009597518572152875,0.005161865339456062,0.12449852656627418,1.1652121077288577e-06,6.742114594443332e-08,8.339923697539573e-17,1.2181558437412661e-16,8.447151790642617e-18,3.4046823804285997e-16,8.0883171047209e-17,0.02162992542512606,0.10731486273058312,3.638407332205413e-09,3.7538097589893864e-11,3.2445731308351936e-18,5.592571941218628e-20,3.0782194690382483e-22,2.613232117863647e-22,1.0150179900600625e-20,2.470000083280547e-22,4.068385263200917e-22,1.057893784709763e-18,6.68685191486046e-19,2.0511969928317697e-22,6.203772132875862e-21,6.135475973554442e-21,2.076228655807752e-22,2.858816184244523e-25,0.7257386447658856
0.16000000000000003,5.540189036643098,0.0,2387.204993674867,0.1445723634806215,0.004273238852389314,0.000980199158187356,0.0007931549259531347,0.009584380937608203,0.005156020686904882,0.12451135664675253,1.163206652438764e-06,6.720526476607091e-08,8.311453429710744e-17,1.2158732719602155e-16,8.432886753376316e-18,3.402923399789245e-16,8.094806193262538e-17,0.021605900688687684,0.1073414663452266,3.6247156474465515e-09,3.746927325785011e-11,3.2293908179494406e-18,2.3770624786085497e-21,-9.78406354799796e-23,-9.291493055620096e-23,-3.6258692428473105e-21,-8.812046696665464e-23,-1.456779263966723e-22,1.0419339028385828e-18,6.6022666674710455e-19,-6.791421409330878e-23,-2.211494773010151e-21,-2.2136092924995184e-21,-7.439792593971383e-23,-1.0215802892275177e-25,0.7257530476841876
0.2,5.540189036655361,0.0,2387.204993674867,0.14457236348030356,0.004273238852379916,0.0009801991581852001,0.0007931549259513904,0.009584380937587124,0.005156020686893543,0.1245113566464787,1.1632066524362058e-06,6.720526476592311e-08,8.31145342969247e-17,1.2158732719575438e-16,8.432886753357792e-18,3.4029233997817693e-16,8.094806193244788e-17,0.02160590068864017,0.10734146634499052,3.62471564743858e-09,3.746927325776771e-11,3.2293908179423386e-18,2.3770624786034005e-21,-9.784063547976464e-23,-9.291493055599641e-23,-3.625869242839343e-21,-8.812046696646085e-23,-1.45677926396353e-22,1.0419339028362914e-18,6.602266667456525e-19,-6.791421409315954e-23,-2.211494773005284e-21,-2.2136092924946585e-21,-7.43979259395497e-23,-1.0215802892252637e-25,0.7257530476847908
